locationLatitude,locationLongitude,locationAltitude,,,,,,,,,,,,,,,,,,,,,,,,,,,,,,,,,,,,,,,,,
35.05606463,-80.83839038,197.4337,,,,,,,,,,,,,,,,,,,,,,,,,,,,,,,,,,,,,,,,,
35.05580025,-80.83697995,194.1057,,,,,,,,,,,,,,,,,,,,,,,,,,,,,,,,,,,,,,,,,
35.05583323,-80.83698038,194.212,,,,,,,,,,,,,,,,,,,,,,,,,,,,,,,,,,,,,,,,,
35.05609879,-80.83686515,207.109,,,,,,,,,,,,,,,,,,,,,,,,,,,,,,,,,,,,,,,,,
35.05619413,-80.83702164,207.1433,,,,,,,,,,,,,,,,,,,,,,,,,,,,,,,,,,,,,,,,,
35.05572998,-80.83675107,199.2257,,,,,,,,,,,,,,,,,,,,,,,,,,,,,,,,,,,,,,,,,
35.05578598,-80.83625134,197.7455,,,,,,,,,,,,,,,,,,,,,,,,,,,,,,,,,,,,,,,,,
35.05482247,-80.8377005,196.5546,,,,,,,,,,,,,,,,,,,,,,,,,,,,,,,,,,,,,,,,,
35.05546834,-80.83689038,200.3456,,,,,,,,,,,,,,,,,,,,,,,,,,,,,,,,,,,,,,,,,
35.05672592,-80.83725315,191.0691,,,,,,,,,,,,,,,,,,,,,,,,,,,,,,,,,,,,,,,,,
35.0580438,-80.83798719,186.2351,,,,,,,,,,,,,,,,,,,,,,,,,,,,,,,,,,,,,,,,,
35.05861448,-80.83684635,189.7138,,,,,,,,,,,,,,,,,,,,,,,,,,,,,,,,,,,,,,,,,
35.06102927,-80.83801523,188.6991,,,,,,,,,,,,,,,,,,,,,,,,,,,,,,,,,,,,,,,,,
35.06622455,-80.83801177,179.8195,,,,,,,,,,,,,,,,,,,,,,,,,,,,,,,,,,,,,,,,,
35.06942944,-80.8402891,173.8557,,,,,,,,,,,,,,,,,,,,,,,,,,,,,,,,,,,,,,,,,
35.0703446,-80.84266843,179.3244,,,,,,,,,,,,,,,,,,,,,,,,,,,,,,,,,,,,,,,,,
35.07034801,-80.84264049,173.1834,,,,,,,,,,,,,,,,,,,,,,,,,,,,,,,,,,,,,,,,,
35.07035083,-80.84261812,180.2374,,,,,,,,,,,,,,,,,,,,,,,,,,,,,,,,,,,,,,,,,
35.07035194,-80.84259856,178.7567,,,,,,,,,,,,,,,,,,,,,,,,,,,,,,,,,,,,,,,,,
35.07028587,-80.84430612,176.0894,,,,,,,,,,,,,,,,,,,,,,,,,,,,,,,,,,,,,,,,,
35.07028587,-80.84430612,176.0894,,,,,,,,,,,,,,,,,,,,,,,,,,,,,,,,,,,,,,,,,
35.06975899,-80.8443527,177.629,,,,,,,,,,,,,,,,,,,,,,,,,,,,,,,,,,,,,,,,,
35.06979339,-80.84437902,174.377,,,,,,,,,,,,,,,,,,,,,,,,,,,,,,,,,,,,,,,,,
35.06997733,-80.8444584,177.5581,,,,,,,,,,,,,,,,,,,,,,,,,,,,,,,,,,,,,,,,,
35.07028,-80.84446066,175.6219,,,,,,,,,,,,,,,,,,,,,,,,,,,,,,,,,,,,,,,,,
35.07019476,-80.8443501,174.8835,,,,,,,,,,,,,,,,,,,,,,,,,,,,,,,,,,,,,,,,,
35.07022171,-80.84447675,174.3045,,,,,,,,,,,,,,,,,,,,,,,,,,,,,,,,,,,,,,,,,
35.07026148,-80.84454347,173.8138,,,,,,,,,,,,,,,,,,,,,,,,,,,,,,,,,,,,,,,,,
35.07025846,-80.84452403,173.5105,,,,,,,,,,,,,,,,,,,,,,,,,,,,,,,,,,,,,,,,,
35.07023001,-80.84425539,172.004,,,,,,,,,,,,,,,,,,,,,,,,,,,,,,,,,,,,,,,,,
35.0703168,-80.84426838,171.016,,,,,,,,,,,,,,,,,,,,,,,,,,,,,,,,,,,,,,,,,
35.0703168,-80.84426838,171.0463,,,,,,,,,,,,,,,,,,,,,,,,,,,,,,,,,,,,,,,,,
35.07036223,-80.84430786,170.5401,,,,,,,,,,,,,,,,,,,,,,,,,,,,,,,,,,,,,,,,,
35.070215,-80.84444239,169.9189,,,,,,,,,,,,,,,,,,,,,,,,,,,,,,,,,,,,,,,,,
35.07018902,-80.84456443,170.2607,,,,,,,,,,,,,,,,,,,,,,,,,,,,,,,,,,,,,,,,,
35.07026596,-80.84463702,168.7527,,,,,,,,,,,,,,,,,,,,,,,,,,,,,,,,,,,,,,,,,
35.07025599,-80.84471572,167.04,,,,,,,,,,,,,,,,,,,,,,,,,,,,,,,,,,,,,,,,,
35.07004053,-80.84461438,167.8629,,,,,,,,,,,,,,,,,,,,,,,,,,,,,,,,,,,,,,,,,
35.07019229,-80.84450182,170.5199,,,,,,,,,,,,,,,,,,,,,,,,,,,,,,,,,,,,,,,,,
35.07031089,-80.84464842,169.6117,,,,,,,,,,,,,,,,,,,,,,,,,,,,,,,,,,,,,,,,,
35.07043059,-80.84469862,168.0756,,,,,,,,,,,,,,,,,,,,,,,,,,,,,,,,,,,,,,,,,
35.07035045,-80.84470231,168.9962,,,,,,,,,,,,,,,,,,,,,,,,,,,,,,,,,,,,,,,,,
35.07030519,-80.8447832,169.3152,,,,,,,,,,,,,,,,,,,,,,,,,,,,,,,,,,,,,,,,,
35.07030519,-80.8447832,169.4349,,,,,,,,,,,,,,,,,,,,,,,,,,,,,,,,,,,,,,,,,
35.07027724,-80.84476073,170.1482,,,,,,,,,,,,,,,,,,,,,,,,,,,,,,,,,,,,,,,,,
35.07027724,-80.84476073,169.819,,,,,,,,,,,,,,,,,,,,,,,,,,,,,,,,,,,,,,,,,
35.07027724,-80.84476073,169.3085,,,,,,,,,,,,,,,,,,,,,,,,,,,,,,,,,,,,,,,,,
35.07026974,-80.84474372,169.9342,,,,,,,,,,,,,,,,,,,,,,,,,,,,,,,,,,,,,,,,,
35.07024438,-80.84479468,169.8995,,,,,,,,,,,,,,,,,,,,,,,,,,,,,,,,,,,,,,,,,
35.07024438,-80.84479468,170.2961,,,,,,,,,,,,,,,,,,,,,,,,,,,,,,,,,,,,,,,,,
35.07024438,-80.84479468,169.6102,,,,,,,,,,,,,,,,,,,,,,,,,,,,,,,,,,,,,,,,,
35.07024438,-80.84479468,169.8468,,,,,,,,,,,,,,,,,,,,,,,,,,,,,,,,,,,,,,,,,
35.07024438,-80.84479468,169.3967,,,,,,,,,,,,,,,,,,,,,,,,,,,,,,,,,,,,,,,,,
35.07024438,-80.84479468,170.1468,,,,,,,,,,,,,,,,,,,,,,,,,,,,,,,,,,,,,,,,,
35.07024438,-80.84479468,170.1468,,,,,,,,,,,,,,,,,,,,,,,,,,,,,,,,,,,,,,,,,
35.07024438,-80.84479468,171.1054,,,,,,,,,,,,,,,,,,,,,,,,,,,,,,,,,,,,,,,,,
35.07024438,-80.84479468,170.549,,,,,,,,,,,,,,,,,,,,,,,,,,,,,,,,,,,,,,,,,
35.07024438,-80.84479468,169.9679,,,,,,,,,,,,,,,,,,,,,,,,,,,,,,,,,,,,,,,,,
35.07024438,-80.84479468,170.0139,,,,,,,,,,,,,,,,,,,,,,,,,,,,,,,,,,,,,,,,,
35.07024438,-80.84479468,169.8761,,,,,,,,,,,,,,,,,,,,,,,,,,,,,,,,,,,,,,,,,
35.07024438,-80.84479468,170.1496,,,,,,,,,,,,,,,,,,,,,,,,,,,,,,,,,,,,,,,,,
35.07024438,-80.84479468,170.8858,,,,,,,,,,,,,,,,,,,,,,,,,,,,,,,,,,,,,,,,,
35.07022012,-80.84477188,171.0691,,,,,,,,,,,,,,,,,,,,,,,,,,,,,,,,,,,,,,,,,
35.07022012,-80.84477188,169.9934,,,,,,,,,,,,,,,,,,,,,,,,,,,,,,,,,,,,,,,,,
35.07022012,-80.84477188,169.8136,,,,,,,,,,,,,,,,,,,,,,,,,,,,,,,,,,,,,,,,,
35.07022012,-80.84477188,169.9306,,,,,,,,,,,,,,,,,,,,,,,,,,,,,,,,,,,,,,,,,
35.07022012,-80.84477188,170.006,,,,,,,,,,,,,,,,,,,,,,,,,,,,,,,,,,,,,,,,,
35.07022012,-80.84477188,171.2356,,,,,,,,,,,,,,,,,,,,,,,,,,,,,,,,,,,,,,,,,
35.07022012,-80.84477188,169.9658,,,,,,,,,,,,,,,,,,,,,,,,,,,,,,,,,,,,,,,,,
35.07022012,-80.84477188,170.7112,,,,,,,,,,,,,,,,,,,,,,,,,,,,,,,,,,,,,,,,,
35.07022012,-80.84477188,170.1546,,,,,,,,,,,,,,,,,,,,,,,,,,,,,,,,,,,,,,,,,
35.07022012,-80.84477188,170.4972,,,,,,,,,,,,,,,,,,,,,,,,,,,,,,,,,,,,,,,,,
35.07022012,-80.84477188,170.2048,,,,,,,,,,,,,,,,,,,,,,,,,,,,,,,,,,,,,,,,,
35.07022012,-80.84477188,170.4079,,,,,,,,,,,,,,,,,,,,,,,,,,,,,,,,,,,,,,,,,
35.07020675,-80.84476073,170.4029,,,,,,,,,,,,,,,,,,,,,,,,,,,,,,,,,,,,,,,,,
35.07020675,-80.84476073,169.63,,,,,,,,,,,,,,,,,,,,,,,,,,,,,,,,,,,,,,,,,
35.07020675,-80.84476073,169.99,,,,,,,,,,,,,,,,,,,,,,,,,,,,,,,,,,,,,,,,,
35.0702541,-80.84477213,170.0946,,,,,,,,,,,,,,,,,,,,,,,,,,,,,,,,,,,,,,,,,
35.07018093,-80.84458002,169.7462,,,,,,,,,,,,,,,,,,,,,,,,,,,,,,,,,,,,,,,,,
35.07014091,-80.84462184,169.1989,,,,,,,,,,,,,,,,,,,,,,,,,,,,,,,,,,,,,,,,,
35.07013139,-80.84457147,169.8497,,,,,,,,,,,,,,,,,,,,,,,,,,,,,,,,,,,,,,,,,
35.07029748,-80.84456409,170.6228,,,,,,,,,,,,,,,,,,,,,,,,,,,,,,,,,,,,,,,,,
35.07029748,-80.84456409,170.6228,,,,,,,,,,,,,,,,,,,,,,,,,,,,,,,,,,,,,,,,,
35.07022436,-80.84436253,181.456,,,,,,,,,,,,,,,,,,,,,,,,,,,,,,,,,,,,,,,,,
35.07023834,-80.84431216,184.0175,,,,,,,,,,,,,,,,,,,,,,,,,,,,,,,,,,,,,,,,,
35.07023969,-80.84437156,171.1773,,,,,,,,,,,,,,,,,,,,,,,,,,,,,,,,,,,,,,,,,
35.07020888,-80.84461464,169.0708,,,,,,,,,,,,,,,,,,,,,,,,,,,,,,,,,,,,,,,,,
35.07024388,-80.84466057,169.1524,,,,,,,,,,,,,,,,,,,,,,,,,,,,,,,,,,,,,,,,,
35.07014556,-80.84475554,169.7821,,,,,,,,,,,,,,,,,,,,,,,,,,,,,,,,,,,,,,,,,
35.07014556,-80.84475554,169.7821,,,,,,,,,,,,,,,,,,,,,,,,,,,,,,,,,,,,,,,,,
35.07023625,-80.84484313,173.2747,,,,,,,,,,,,,,,,,,,,,,,,,,,,,,,,,,,,,,,,,
35.07008689,-80.84475285,172.7046,,,,,,,,,,,,,,,,,,,,,,,,,,,,,,,,,,,,,,,,,
35.07023369,-80.84446695,170.6685,,,,,,,,,,,,,,,,,,,,,,,,,,,,,,,,,,,,,,,,,
35.07013776,-80.8444449,174.8761,,,,,,,,,,,,,,,,,,,,,,,,,,,,,,,,,,,,,,,,,
35.06986904,-80.84467364,172.8824,,,,,,,,,,,,,,,,,,,,,,,,,,,,,,,,,,,,,,,,,
35.06976992,-80.84441951,172.1953,,,,,,,,,,,,,,,,,,,,,,,,,,,,,,,,,,,,,,,,,
35.06973338,-80.844448,172.4491,,,,,,,,,,,,,,,,,,,,,,,,,,,,,,,,,,,,,,,,,
35.07036136,-80.84397861,172.8965,,,,,,,,,,,,,,,,,,,,,,,,,,,,,,,,,,,,,,,,,
35.07017284,-80.84429068,172.1488,,,,,,,,,,,,,,,,,,,,,,,,,,,,,,,,,,,,,,,,,
35.07005453,-80.84392087,171.3064,,,,,,,,,,,,,,,,,,,,,,,,,,,,,,,,,,,,,,,,,
35.07005453,-80.84392087,171.3064,,,,,,,,,,,,,,,,,,,,,,,,,,,,,,,,,,,,,,,,,
35.07005487,-80.84391927,171.3609,,,,,,,,,,,,,,,,,,,,,,,,,,,,,,,,,,,,,,,,,
35.06717855,-80.83821205,182.9713,,,,,,,,,,,,,,,,,,,,,,,,,,,,,,,,,,,,,,,,,
35.06717855,-80.83821205,182.9713,,,,,,,,,,,,,,,,,,,,,,,,,,,,,,,,,,,,,,,,,
35.06315462,-80.83918824,180.437,,,,,,,,,,,,,,,,,,,,,,,,,,,,,,,,,,,,,,,,,
35.06365574,-80.83961658,178.8982,,,,,,,,,,,,,,,,,,,,,,,,,,,,,,,,,,,,,,,,,
35.06365574,-80.83961658,178.8982,,,,,,,,,,,,,,,,,,,,,,,,,,,,,,,,,,,,,,,,,
35.05555807,-80.83737024,189.2595,,,,,,,,,,,,,,,,,,,,,,,,,,,,,,,,,,,,,,,,,
35.05544567,-80.83707428,199.9707,,,,,,,,,,,,,,,,,,,,,,,,,,,,,,,,,,,,,,,,,
35.05540363,-80.83702273,196.9678,,,,,,,,,,,,,,,,,,,,,,,,,,,,,,,,,,,,,,,,,
35.05573784,-80.83697991,197.8916,,,,,,,,,,,,,,,,,,,,,,,,,,,,,,,,,,,,,,,,,
35.05551258,-80.83687089,199.7453,,,,,,,,,,,,,,,,,,,,,,,,,,,,,,,,,,,,,,,,,
35.05551258,-80.83687089,199.7453,,,,,,,,,,,,,,,,,,,,,,,,,,,,,,,,,,,,,,,,,
35.05551258,-80.83687089,199.7453,,,,,,,,,,,,,,,,,,,,,,,,,,,,,,,,,,,,,,,,,
35.06153104,-80.84339993,199.7453,,,,,,,,,,,,,,,,,,,,,,,,,,,,,,,,,,,,,,,,,
35.06153104,-80.84339993,199.7453,,,,,,,,,,,,,,,,,,,,,,,,,,,,,,,,,,,,,,,,,
35.06153104,-80.84339993,199.7453,,,,,,,,,,,,,,,,,,,,,,,,,,,,,,,,,,,,,,,,,
35.05529298,-80.84259481,199.7453,,,,,,,,,,,,,,,,,,,,,,,,,,,,,,,,,,,,,,,,,
35.04273063,-80.83877861,199.7453,,,,,,,,,,,,,,,,,,,,,,,,,,,,,,,,,,,,,,,,,
35.04273063,-80.83877861,199.7453,,,,,,,,,,,,,,,,,,,,,,,,,,,,,,,,,,,,,,,,,
35.04701575,-80.83938556,199.7453,,,,,,,,,,,,,,,,,,,,,,,,,,,,,,,,,,,,,,,,,
35.04862802,-80.83964282,199.7453,,,,,,,,,,,,,,,,,,,,,,,,,,,,,,,,,,,,,,,,,
35.04862802,-80.83964282,199.7453,,,,,,,,,,,,,,,,,,,,,,,,,,,,,,,,,,,,,,,,,
35.04898351,-80.83969956,199.7453,,,,,,,,,,,,,,,,,,,,,,,,,,,,,,,,,,,,,,,,,
35.0490214,-80.83970561,199.7453,,,,,,,,,,,,,,,,,,,,,,,,,,,,,,,,,,,,,,,,,
35.05060885,-80.84321033,199.7453,,,,,,,,,,,,,,,,,,,,,,,,,,,,,,,,,,,,,,,,,
35.05071383,-80.84344264,199.7453,,,,,,,,,,,,,,,,,,,,,,,,,,,,,,,,,,,,,,,,,
35.05073915,-80.84349871,199.7453,,,,,,,,,,,,,,,,,,,,,,,,,,,,,,,,,,,,,,,,,
35.08152467,-80.85137166,199.7453,,,,,,,,,,,,,,,,,,,,,,,,,,,,,,,,,,,,,,,,,
35.08152467,-80.85137166,199.7453,,,,,,,,,,,,,,,,,,,,,,,,,,,,,,,,,,,,,,,,,
35.05108179,-80.83988084,199.7453,,,,,,,,,,,,,,,,,,,,,,,,,,,,,,,,,,,,,,,,,
35.08383438,-80.85168215,199.7453,,,,,,,,,,,,,,,,,,,,,,,,,,,,,,,,,,,,,,,,,
35.06032818,-80.84593982,199.7453,,,,,,,,,,,,,,,,,,,,,,,,,,,,,,,,,,,,,,,,,
35.06040003,-80.84618312,199.7453,,,,,,,,,,,,,,,,,,,,,,,,,,,,,,,,,,,,,,,,,
35.06040003,-80.84618312,199.7453,,,,,,,,,,,,,,,,,,,,,,,,,,,,,,,,,,,,,,,,,
35.06040003,-80.84618312,199.7453,,,,,,,,,,,,,,,,,,,,,,,,,,,,,,,,,,,,,,,,,
35.06040003,-80.84618312,199.7453,,,,,,,,,,,,,,,,,,,,,,,,,,,,,,,,,,,,,,,,,
35.06040003,-80.84618312,199.7453,,,,,,,,,,,,,,,,,,,,,,,,,,,,,,,,,,,,,,,,,
35.06040003,-80.84618312,199.7453,,,,,,,,,,,,,,,,,,,,,,,,,,,,,,,,,,,,,,,,,
35.06040003,-80.84618312,199.7453,,,,,,,,,,,,,,,,,,,,,,,,,,,,,,,,,,,,,,,,,
35.06033408,-80.84617935,199.7453,,,,,,,,,,,,,,,,,,,,,,,,,,,,,,,,,,,,,,,,,
35.05668776,-80.81517588,199.7453,,,,,,,,,,,,,,,,,,,,,,,,,,,,,,,,,,,,,,,,,
35.05757121,-80.82926226,199.7453,,,,,,,,,,,,,,,,,,,,,,,,,,,,,,,,,,,,,,,,,
35.05757121,-80.82926226,199.7453,,,,,,,,,,,,,,,,,,,,,,,,,,,,,,,,,,,,,,,,,
35.05757121,-80.82926226,199.7453,,,,,,,,,,,,,,,,,,,,,,,,,,,,,,,,,,,,,,,,,
35.05757121,-80.82926226,199.7453,,,,,,,,,,,,,,,,,,,,,,,,,,,,,,,,,,,,,,,,,
35.05757121,-80.82926226,199.7453,,,,,,,,,,,,,,,,,,,,,,,,,,,,,,,,,,,,,,,,,
35.05855895,-80.84222704,199.7453,,,,,,,,,,,,,,,,,,,,,,,,,,,,,,,,,,,,,,,,,
35.05855895,-80.84222704,199.7453,,,,,,,,,,,,,,,,,,,,,,,,,,,,,,,,,,,,,,,,,
35.05855895,-80.84222704,199.7453,,,,,,,,,,,,,,,,,,,,,,,,,,,,,,,,,,,,,,,,,
35.05855895,-80.84222704,199.7453,,,,,,,,,,,,,,,,,,,,,,,,,,,,,,,,,,,,,,,,,
35.05857848,-80.84248343,199.7453,,,,,,,,,,,,,,,,,,,,,,,,,,,,,,,,,,,,,,,,,
35.05857848,-80.84248343,199.7453,,,,,,,,,,,,,,,,,,,,,,,,,,,,,,,,,,,,,,,,,
35.05857848,-80.84248343,199.7453,,,,,,,,,,,,,,,,,,,,,,,,,,,,,,,,,,,,,,,,,
35.05857848,-80.84248343,199.7453,,,,,,,,,,,,,,,,,,,,,,,,,,,,,,,,,,,,,,,,,
35.05857848,-80.84248343,199.7453,,,,,,,,,,,,,,,,,,,,,,,,,,,,,,,,,,,,,,,,,
35.05857848,-80.84248343,199.7453,,,,,,,,,,,,,,,,,,,,,,,,,,,,,,,,,,,,,,,,,
35.05857848,-80.84248343,199.7453,,,,,,,,,,,,,,,,,,,,,,,,,,,,,,,,,,,,,,,,,
35.05857848,-80.84248343,199.7453,,,,,,,,,,,,,,,,,,,,,,,,,,,,,,,,,,,,,,,,,
35.05857849,-80.84248352,199.7453,,,,,,,,,,,,,,,,,,,,,,,,,,,,,,,,,,,,,,,,,
35.05857849,-80.84248352,199.7453,,,,,,,,,,,,,,,,,,,,,,,,,,,,,,,,,,,,,,,,,
35.06125746,-80.84673108,199.7453,,,,,,,,,,,,,,,,,,,,,,,,,,,,,,,,,,,,,,,,,
35.06125746,-80.84673108,199.7453,,,,,,,,,,,,,,,,,,,,,,,,,,,,,,,,,,,,,,,,,
35.06001464,-80.83364157,199.7453,,,,,,,,,,,,,,,,,,,,,,,,,,,,,,,,,,,,,,,,,
35.06389031,-80.86938186,199.7453,,,,,,,,,,,,,,,,,,,,,,,,,,,,,,,,,,,,,,,,,
35.06130538,-80.8470489,199.7453,,,,,,,,,,,,,,,,,,,,,,,,,,,,,,,,,,,,,,,,,
35.06130538,-80.8470489,199.7453,,,,,,,,,,,,,,,,,,,,,,,,,,,,,,,,,,,,,,,,,
35.06130538,-80.8470489,199.7453,,,,,,,,,,,,,,,,,,,,,,,,,,,,,,,,,,,,,,,,,
35.05947093,-80.83077845,199.7453,,,,,,,,,,,,,,,,,,,,,,,,,,,,,,,,,,,,,,,,,
35.05947093,-80.83077845,199.7453,,,,,,,,,,,,,,,,,,,,,,,,,,,,,,,,,,,,,,,,,
35.05947093,-80.83077845,199.7453,,,,,,,,,,,,,,,,,,,,,,,,,,,,,,,,,,,,,,,,,
35.05947093,-80.83077845,199.7453,,,,,,,,,,,,,,,,,,,,,,,,,,,,,,,,,,,,,,,,,
35.05947093,-80.83077845,199.7453,,,,,,,,,,,,,,,,,,,,,,,,,,,,,,,,,,,,,,,,,
35.05947093,-80.83077845,199.7453,,,,,,,,,,,,,,,,,,,,,,,,,,,,,,,,,,,,,,,,,
35.05947093,-80.83077845,199.7453,,,,,,,,,,,,,,,,,,,,,,,,,,,,,,,,,,,,,,,,,
35.05947093,-80.83077845,199.7453,,,,,,,,,,,,,,,,,,,,,,,,,,,,,,,,,,,,,,,,,
35.05947093,-80.83077845,199.7453,,,,,,,,,,,,,,,,,,,,,,,,,,,,,,,,,,,,,,,,,
35.05947093,-80.83077845,199.7453,,,,,,,,,,,,,,,,,,,,,,,,,,,,,,,,,,,,,,,,,
35.06033368,-80.84617936,199.7453,,,,,,,,,,,,,,,,,,,,,,,,,,,,,,,,,,,,,,,,,
35.06033368,-80.84617936,199.7453,,,,,,,,,,,,,,,,,,,,,,,,,,,,,,,,,,,,,,,,,
35.06131457,-80.8460286,199.7453,,,,,,,,,,,,,,,,,,,,,,,,,,,,,,,,,,,,,,,,,
35.06131457,-80.8460286,199.7453,,,,,,,,,,,,,,,,,,,,,,,,,,,,,,,,,,,,,,,,,
35.06131457,-80.8460286,199.7453,,,,,,,,,,,,,,,,,,,,,,,,,,,,,,,,,,,,,,,,,
35.06131457,-80.8460286,199.7453,,,,,,,,,,,,,,,,,,,,,,,,,,,,,,,,,,,,,,,,,
35.06131457,-80.8460286,199.7453,,,,,,,,,,,,,,,,,,,,,,,,,,,,,,,,,,,,,,,,,
35.06131457,-80.8460286,199.7453,,,,,,,,,,,,,,,,,,,,,,,,,,,,,,,,,,,,,,,,,
35.06131457,-80.8460286,199.7453,,,,,,,,,,,,,,,,,,,,,,,,,,,,,,,,,,,,,,,,,
35.06228712,-80.84587915,199.7453,,,,,,,,,,,,,,,,,,,,,,,,,,,,,,,,,,,,,,,,,
35.06228712,-80.84587915,199.7453,,,,,,,,,,,,,,,,,,,,,,,,,,,,,,,,,,,,,,,,,
35.06228712,-80.84587915,199.7453,,,,,,,,,,,,,,,,,,,,,,,,,,,,,,,,,,,,,,,,,
35.06228712,-80.84587915,199.7453,,,,,,,,,,,,,,,,,,,,,,,,,,,,,,,,,,,,,,,,,
35.06228712,-80.84587915,199.7453,,,,,,,,,,,,,,,,,,,,,,,,,,,,,,,,,,,,,,,,,
35.06228712,-80.84587915,199.7453,,,,,,,,,,,,,,,,,,,,,,,,,,,,,,,,,,,,,,,,,
35.06228712,-80.84587915,199.7453,,,,,,,,,,,,,,,,,,,,,,,,,,,,,,,,,,,,,,,,,
35.06228712,-80.84587915,199.7453,,,,,,,,,,,,,,,,,,,,,,,,,,,,,,,,,,,,,,,,,
35.06228712,-80.84587915,199.7453,,,,,,,,,,,,,,,,,,,,,,,,,,,,,,,,,,,,,,,,,
35.06228712,-80.84587915,199.7453,,,,,,,,,,,,,,,,,,,,,,,,,,,,,,,,,,,,,,,,,
35.06228796,-80.84587902,199.7453,,,,,,,,,,,,,,,,,,,,,,,,,,,,,,,,,,,,,,,,,
35.06228796,-80.84587902,199.7453,,,,,,,,,,,,,,,,,,,,,,,,,,,,,,,,,,,,,,,,,
35.06228796,-80.84587902,199.7453,,,,,,,,,,,,,,,,,,,,,,,,,,,,,,,,,,,,,,,,,
35.06228796,-80.84587902,199.7453,,,,,,,,,,,,,,,,,,,,,,,,,,,,,,,,,,,,,,,,,
35.06228796,-80.84587902,199.7453,,,,,,,,,,,,,,,,,,,,,,,,,,,,,,,,,,,,,,,,,
35.06228796,-80.84587902,199.7453,,,,,,,,,,,,,,,,,,,,,,,,,,,,,,,,,,,,,,,,,
35.06228796,-80.84587902,199.7453,,,,,,,,,,,,,,,,,,,,,,,,,,,,,,,,,,,,,,,,,
35.06228796,-80.84587902,199.7453,,,,,,,,,,,,,,,,,,,,,,,,,,,,,,,,,,,,,,,,,
35.06228796,-80.84587902,199.7453,,,,,,,,,,,,,,,,,,,,,,,,,,,,,,,,,,,,,,,,,
35.06228796,-80.84587902,199.7453,,,,,,,,,,,,,,,,,,,,,,,,,,,,,,,,,,,,,,,,,
35.06228796,-80.84587902,199.7453,,,,,,,,,,,,,,,,,,,,,,,,,,,,,,,,,,,,,,,,,
35.06228796,-80.84587902,199.7453,,,,,,,,,,,,,,,,,,,,,,,,,,,,,,,,,,,,,,,,,
35.06228796,-80.84587902,199.7453,,,,,,,,,,,,,,,,,,,,,,,,,,,,,,,,,,,,,,,,,
35.06228796,-80.84587902,199.7453,,,,,,,,,,,,,,,,,,,,,,,,,,,,,,,,,,,,,,,,,
35.06228796,-80.84587902,199.7453,,,,,,,,,,,,,,,,,,,,,,,,,,,,,,,,,,,,,,,,,
35.06228796,-80.84587902,199.7453,,,,,,,,,,,,,,,,,,,,,,,,,,,,,,,,,,,,,,,,,
35.06058108,-80.8455792,199.7453,,,,,,,,,,,,,,,,,,,,,,,,,,,,,,,,,,,,,,,,,
35.06058108,-80.8455792,199.7453,,,,,,,,,,,,,,,,,,,,,,,,,,,,,,,,,,,,,,,,,
35.06058108,-80.8455792,199.7453,,,,,,,,,,,,,,,,,,,,,,,,,,,,,,,,,,,,,,,,,
35.06058108,-80.8455792,199.7453,,,,,,,,,,,,,,,,,,,,,,,,,,,,,,,,,,,,,,,,,
35.05888087,-80.84528054,199.7453,,,,,,,,,,,,,,,,,,,,,,,,,,,,,,,,,,,,,,,,,
35.05888087,-80.84528054,199.7453,,,,,,,,,,,,,,,,,,,,,,,,,,,,,,,,,,,,,,,,,
35.05888087,-80.84528054,199.7453,,,,,,,,,,,,,,,,,,,,,,,,,,,,,,,,,,,,,,,,,
35.05888087,-80.84528054,199.7453,,,,,,,,,,,,,,,,,,,,,,,,,,,,,,,,,,,,,,,,,
35.05888087,-80.84528054,199.7453,,,,,,,,,,,,,,,,,,,,,,,,,,,,,,,,,,,,,,,,,
35.05888087,-80.84528054,199.7453,,,,,,,,,,,,,,,,,,,,,,,,,,,,,,,,,,,,,,,,,
35.05888087,-80.84528054,199.7453,,,,,,,,,,,,,,,,,,,,,,,,,,,,,,,,,,,,,,,,,
35.05888087,-80.84528054,199.7453,,,,,,,,,,,,,,,,,,,,,,,,,,,,,,,,,,,,,,,,,
35.05888087,-80.84528054,199.7453,,,,,,,,,,,,,,,,,,,,,,,,,,,,,,,,,,,,,,,,,
35.05888087,-80.84528054,199.7453,,,,,,,,,,,,,,,,,,,,,,,,,,,,,,,,,,,,,,,,,
35.05887453,-80.84527943,199.7453,,,,,,,,,,,,,,,,,,,,,,,,,,,,,,,,,,,,,,,,,
35.05887453,-80.84527943,199.7453,,,,,,,,,,,,,,,,,,,,,,,,,,,,,,,,,,,,,,,,,
35.05887453,-80.84527943,199.7453,,,,,,,,,,,,,,,,,,,,,,,,,,,,,,,,,,,,,,,,,
35.05887453,-80.84527943,199.7453,,,,,,,,,,,,,,,,,,,,,,,,,,,,,,,,,,,,,,,,,
35.05887453,-80.84527943,199.7453,,,,,,,,,,,,,,,,,,,,,,,,,,,,,,,,,,,,,,,,,
35.05887453,-80.84527943,199.7453,,,,,,,,,,,,,,,,,,,,,,,,,,,,,,,,,,,,,,,,,
35.05887453,-80.84527943,199.7453,,,,,,,,,,,,,,,,,,,,,,,,,,,,,,,,,,,,,,,,,
35.05887453,-80.84527943,199.7453,,,,,,,,,,,,,,,,,,,,,,,,,,,,,,,,,,,,,,,,,
35.05887453,-80.84527943,199.7453,,,,,,,,,,,,,,,,,,,,,,,,,,,,,,,,,,,,,,,,,
35.05887453,-80.84527943,199.7453,,,,,,,,,,,,,,,,,,,,,,,,,,,,,,,,,,,,,,,,,
35.05887453,-80.84527943,199.7453,,,,,,,,,,,,,,,,,,,,,,,,,,,,,,,,,,,,,,,,,
35.05887453,-80.84527943,199.7453,,,,,,,,,,,,,,,,,,,,,,,,,,,,,,,,,,,,,,,,,
35.06126777,-80.84674906,199.7453,,,,,,,,,,,,,,,,,,,,,,,,,,,,,,,,,,,,,,,,,
35.06126777,-80.84674906,199.7453,,,,,,,,,,,,,,,,,,,,,,,,,,,,,,,,,,,,,,,,,
35.06126777,-80.84674906,199.7453,,,,,,,,,,,,,,,,,,,,,,,,,,,,,,,,,,,,,,,,,
35.06126777,-80.84674906,199.7453,,,,,,,,,,,,,,,,,,,,,,,,,,,,,,,,,,,,,,,,,
35.06126777,-80.84674906,199.7453,,,,,,,,,,,,,,,,,,,,,,,,,,,,,,,,,,,,,,,,,
35.06126777,-80.84674906,199.7453,,,,,,,,,,,,,,,,,,,,,,,,,,,,,,,,,,,,,,,,,
35.06126777,-80.84674906,199.7453,,,,,,,,,,,,,,,,,,,,,,,,,,,,,,,,,,,,,,,,,
35.06126777,-80.84674906,199.7453,,,,,,,,,,,,,,,,,,,,,,,,,,,,,,,,,,,,,,,,,
35.06126777,-80.84674906,199.7453,,,,,,,,,,,,,,,,,,,,,,,,,,,,,,,,,,,,,,,,,
35.06079836,-80.84646274,199.7453,,,,,,,,,,,,,,,,,,,,,,,,,,,,,,,,,,,,,,,,,
35.06079836,-80.84646274,199.7453,,,,,,,,,,,,,,,,,,,,,,,,,,,,,,,,,,,,,,,,,
35.06079836,-80.84646274,199.7453,,,,,,,,,,,,,,,,,,,,,,,,,,,,,,,,,,,,,,,,,
35.06034178,-80.84618424,199.7453,,,,,,,,,,,,,,,,,,,,,,,,,,,,,,,,,,,,,,,,,
35.06034178,-80.84618424,199.7453,,,,,,,,,,,,,,,,,,,,,,,,,,,,,,,,,,,,,,,,,
35.06034178,-80.84618424,199.7453,,,,,,,,,,,,,,,,,,,,,,,,,,,,,,,,,,,,,,,,,
35.06034178,-80.84618424,199.7453,,,,,,,,,,,,,,,,,,,,,,,,,,,,,,,,,,,,,,,,,
35.06033228,-80.84617844,199.7453,,,,,,,,,,,,,,,,,,,,,,,,,,,,,,,,,,,,,,,,,
35.06033228,-80.84617844,199.7453,,,,,,,,,,,,,,,,,,,,,,,,,,,,,,,,,,,,,,,,,
35.06033228,-80.84617844,199.7453,,,,,,,,,,,,,,,,,,,,,,,,,,,,,,,,,,,,,,,,,
35.06033228,-80.84617844,199.7453,,,,,,,,,,,,,,,,,,,,,,,,,,,,,,,,,,,,,,,,,
35.06033228,-80.84617844,199.7453,,,,,,,,,,,,,,,,,,,,,,,,,,,,,,,,,,,,,,,,,
35.06033228,-80.84617844,199.7453,,,,,,,,,,,,,,,,,,,,,,,,,,,,,,,,,,,,,,,,,
35.06033228,-80.84617844,199.7453,,,,,,,,,,,,,,,,,,,,,,,,,,,,,,,,,,,,,,,,,
35.06033228,-80.84617844,199.7453,,,,,,,,,,,,,,,,,,,,,,,,,,,,,,,,,,,,,,,,,
35.06033228,-80.84617844,199.7453,,,,,,,,,,,,,,,,,,,,,,,,,,,,,,,,,,,,,,,,,
35.06033228,-80.84617844,199.7453,,,,,,,,,,,,,,,,,,,,,,,,,,,,,,,,,,,,,,,,,
35.06033368,-80.8461793,199.7453,,,,,,,,,,,,,,,,,,,,,,,,,,,,,,,,,,,,,,,,,
35.06033368,-80.8461793,199.7453,,,,,,,,,,,,,,,,,,,,,,,,,,,,,,,,,,,,,,,,,
35.06033368,-80.8461793,199.7453,,,,,,,,,,,,,,,,,,,,,,,,,,,,,,,,,,,,,,,,,
35.06033368,-80.8461793,199.7453,,,,,,,,,,,,,,,,,,,,,,,,,,,,,,,,,,,,,,,,,
35.06033368,-80.8461793,199.7453,,,,,,,,,,,,,,,,,,,,,,,,,,,,,,,,,,,,,,,,,
35.06033368,-80.8461793,199.7453,,,,,,,,,,,,,,,,,,,,,,,,,,,,,,,,,,,,,,,,,
35.06033368,-80.8461793,199.7453,,,,,,,,,,,,,,,,,,,,,,,,,,,,,,,,,,,,,,,,,
35.06033368,-80.8461793,199.7453,,,,,,,,,,,,,,,,,,,,,,,,,,,,,,,,,,,,,,,,,
35.06033368,-80.8461793,199.7453,,,,,,,,,,,,,,,,,,,,,,,,,,,,,,,,,,,,,,,,,
35.06033368,-80.8461793,199.7453,,,,,,,,,,,,,,,,,,,,,,,,,,,,,,,,,,,,,,,,,
35.06033368,-80.8461793,199.7453,,,,,,,,,,,,,,,,,,,,,,,,,,,,,,,,,,,,,,,,,
35.06033368,-80.8461793,199.7453,,,,,,,,,,,,,,,,,,,,,,,,,,,,,,,,,,,,,,,,,
35.06033368,-80.8461793,199.7453,,,,,,,,,,,,,,,,,,,,,,,,,,,,,,,,,,,,,,,,,
35.06033368,-80.8461793,199.7453,,,,,,,,,,,,,,,,,,,,,,,,,,,,,,,,,,,,,,,,,
35.0586298,-80.84259157,199.7453,,,,,,,,,,,,,,,,,,,,,,,,,,,,,,,,,,,,,,,,,
35.06401594,-80.83908529,199.7453,,,,,,,,,,,,,,,,,,,,,,,,,,,,,,,,,,,,,,,,,
35.05925488,-80.8420608,199.7453,,,,,,,,,,,,,,,,,,,,,,,,,,,,,,,,,,,,,,,,,
35.05925488,-80.8420608,199.7453,,,,,,,,,,,,,,,,,,,,,,,,,,,,,,,,,,,,,,,,,
35.05878939,-80.82441654,199.7453,,,,,,,,,,,,,,,,,,,,,,,,,,,,,,,,,,,,,,,,,
35.05478021,-80.79751349,199.7453,,,,,,,,,,,,,,,,,,,,,,,,,,,,,,,,,,,,,,,,,
35.05385764,-80.7909311,199.7453,,,,,,,,,,,,,,,,,,,,,,,,,,,,,,,,,,,,,,,,,
35.05385764,-80.7909311,199.7453,,,,,,,,,,,,,,,,,,,,,,,,,,,,,,,,,,,,,,,,,
35.05657461,-80.82078218,199.7453,,,,,,,,,,,,,,,,,,,,,,,,,,,,,,,,,,,,,,,,,
35.05657461,-80.82078218,199.7453,,,,,,,,,,,,,,,,,,,,,,,,,,,,,,,,,,,,,,,,,
35.05657461,-80.82078218,199.7453,,,,,,,,,,,,,,,,,,,,,,,,,,,,,,,,,,,,,,,,,
35.05388094,-80.79166666,199.7453,,,,,,,,,,,,,,,,,,,,,,,,,,,,,,,,,,,,,,,,,
35.05388094,-80.79166666,199.7453,,,,,,,,,,,,,,,,,,,,,,,,,,,,,,,,,,,,,,,,,
35.05388094,-80.79166666,199.7453,,,,,,,,,,,,,,,,,,,,,,,,,,,,,,,,,,,,,,,,,
35.05388094,-80.79166666,199.7453,,,,,,,,,,,,,,,,,,,,,,,,,,,,,,,,,,,,,,,,,
35.05388094,-80.79166666,199.7453,,,,,,,,,,,,,,,,,,,,,,,,,,,,,,,,,,,,,,,,,
35.05388094,-80.79166666,199.7453,,,,,,,,,,,,,,,,,,,,,,,,,,,,,,,,,,,,,,,,,
35.05388094,-80.79166666,199.7453,,,,,,,,,,,,,,,,,,,,,,,,,,,,,,,,,,,,,,,,,
35.05388094,-80.79166666,199.7453,,,,,,,,,,,,,,,,,,,,,,,,,,,,,,,,,,,,,,,,,
35.05388094,-80.79166666,199.7453,,,,,,,,,,,,,,,,,,,,,,,,,,,,,,,,,,,,,,,,,
35.06033363,-80.84617866,199.7453,,,,,,,,,,,,,,,,,,,,,,,,,,,,,,,,,,,,,,,,,
35.06033363,-80.84617866,199.7453,,,,,,,,,,,,,,,,,,,,,,,,,,,,,,,,,,,,,,,,,
35.06033363,-80.84617866,199.7453,,,,,,,,,,,,,,,,,,,,,,,,,,,,,,,,,,,,,,,,,
35.06033363,-80.84617866,199.7453,,,,,,,,,,,,,,,,,,,,,,,,,,,,,,,,,,,,,,,,,
35.06033363,-80.84617866,199.7453,,,,,,,,,,,,,,,,,,,,,,,,,,,,,,,,,,,,,,,,,
35.06033363,-80.84617866,199.7453,,,,,,,,,,,,,,,,,,,,,,,,,,,,,,,,,,,,,,,,,
35.06033363,-80.84617866,199.7453,,,,,,,,,,,,,,,,,,,,,,,,,,,,,,,,,,,,,,,,,
35.06033363,-80.84617866,199.7453,,,,,,,,,,,,,,,,,,,,,,,,,,,,,,,,,,,,,,,,,
35.06033368,-80.8461793,199.7453,,,,,,,,,,,,,,,,,,,,,,,,,,,,,,,,,,,,,,,,,
35.06033368,-80.8461793,199.7453,,,,,,,,,,,,,,,,,,,,,,,,,,,,,,,,,,,,,,,,,
35.06033368,-80.8461793,199.7453,,,,,,,,,,,,,,,,,,,,,,,,,,,,,,,,,,,,,,,,,
35.06033368,-80.8461793,199.7453,,,,,,,,,,,,,,,,,,,,,,,,,,,,,,,,,,,,,,,,,
35.06033368,-80.8461793,199.7453,,,,,,,,,,,,,,,,,,,,,,,,,,,,,,,,,,,,,,,,,
35.06033368,-80.8461793,199.7453,,,,,,,,,,,,,,,,,,,,,,,,,,,,,,,,,,,,,,,,,
35.06033368,-80.8461793,199.7453,,,,,,,,,,,,,,,,,,,,,,,,,,,,,,,,,,,,,,,,,
35.06033368,-80.8461793,199.7453,,,,,,,,,,,,,,,,,,,,,,,,,,,,,,,,,,,,,,,,,
35.06131082,-80.84602916,199.7453,,,,,,,,,,,,,,,,,,,,,,,,,,,,,,,,,,,,,,,,,
35.06131082,-80.84602916,199.7453,,,,,,,,,,,,,,,,,,,,,,,,,,,,,,,,,,,,,,,,,
35.06131082,-80.84602916,199.7453,,,,,,,,,,,,,,,,,,,,,,,,,,,,,,,,,,,,,,,,,
35.06131082,-80.84602916,199.7453,,,,,,,,,,,,,,,,,,,,,,,,,,,,,,,,,,,,,,,,,
35.06131082,-80.84602916,199.7453,,,,,,,,,,,,,,,,,,,,,,,,,,,,,,,,,,,,,,,,,
35.06131082,-80.84602916,199.7453,,,,,,,,,,,,,,,,,,,,,,,,,,,,,,,,,,,,,,,,,
35.06131082,-80.84602916,199.7453,,,,,,,,,,,,,,,,,,,,,,,,,,,,,,,,,,,,,,,,,
35.06131082,-80.84602916,199.7453,,,,,,,,,,,,,,,,,,,,,,,,,,,,,,,,,,,,,,,,,
35.06225772,-80.84588367,199.7453,,,,,,,,,,,,,,,,,,,,,,,,,,,,,,,,,,,,,,,,,
35.06225772,-80.84588367,199.7453,,,,,,,,,,,,,,,,,,,,,,,,,,,,,,,,,,,,,,,,,
35.06225772,-80.84588367,199.7453,,,,,,,,,,,,,,,,,,,,,,,,,,,,,,,,,,,,,,,,,
35.06225772,-80.84588367,199.7453,,,,,,,,,,,,,,,,,,,,,,,,,,,,,,,,,,,,,,,,,
35.06225772,-80.84588367,199.7453,,,,,,,,,,,,,,,,,,,,,,,,,,,,,,,,,,,,,,,,,
35.06225772,-80.84588367,199.7453,,,,,,,,,,,,,,,,,,,,,,,,,,,,,,,,,,,,,,,,,
35.06225772,-80.84588367,199.7453,,,,,,,,,,,,,,,,,,,,,,,,,,,,,,,,,,,,,,,,,
35.06225772,-80.84588367,199.7453,,,,,,,,,,,,,,,,,,,,,,,,,,,,,,,,,,,,,,,,,
35.06225772,-80.84588367,199.7453,,,,,,,,,,,,,,,,,,,,,,,,,,,,,,,,,,,,,,,,,
35.06228754,-80.84587908,199.7453,,,,,,,,,,,,,,,,,,,,,,,,,,,,,,,,,,,,,,,,,
35.06228754,-80.84587908,199.7453,,,,,,,,,,,,,,,,,,,,,,,,,,,,,,,,,,,,,,,,,
35.06228754,-80.84587908,199.7453,,,,,,,,,,,,,,,,,,,,,,,,,,,,,,,,,,,,,,,,,
35.06228754,-80.84587908,199.7453,,,,,,,,,,,,,,,,,,,,,,,,,,,,,,,,,,,,,,,,,
35.06228754,-80.84587908,199.7453,,,,,,,,,,,,,,,,,,,,,,,,,,,,,,,,,,,,,,,,,
35.06228754,-80.84587908,199.7453,,,,,,,,,,,,,,,,,,,,,,,,,,,,,,,,,,,,,,,,,
35.06228754,-80.84587908,199.7453,,,,,,,,,,,,,,,,,,,,,,,,,,,,,,,,,,,,,,,,,
35.06228754,-80.84587908,199.7453,,,,,,,,,,,,,,,,,,,,,,,,,,,,,,,,,,,,,,,,,
35.06228754,-80.84587908,199.7453,,,,,,,,,,,,,,,,,,,,,,,,,,,,,,,,,,,,,,,,,
35.06228754,-80.84587908,199.7453,,,,,,,,,,,,,,,,,,,,,,,,,,,,,,,,,,,,,,,,,
35.06228796,-80.84587902,199.7453,,,,,,,,,,,,,,,,,,,,,,,,,,,,,,,,,,,,,,,,,
35.06228796,-80.84587902,199.7453,,,,,,,,,,,,,,,,,,,,,,,,,,,,,,,,,,,,,,,,,
35.06228796,-80.84587902,199.7453,,,,,,,,,,,,,,,,,,,,,,,,,,,,,,,,,,,,,,,,,
35.06228796,-80.84587902,199.7453,,,,,,,,,,,,,,,,,,,,,,,,,,,,,,,,,,,,,,,,,
35.06228796,-80.84587902,199.7453,,,,,,,,,,,,,,,,,,,,,,,,,,,,,,,,,,,,,,,,,
35.06228796,-80.84587902,199.7453,,,,,,,,,,,,,,,,,,,,,,,,,,,,,,,,,,,,,,,,,
35.06228796,-80.84587902,199.7453,,,,,,,,,,,,,,,,,,,,,,,,,,,,,,,,,,,,,,,,,
35.06228796,-80.84587902,199.7453,,,,,,,,,,,,,,,,,,,,,,,,,,,,,,,,,,,,,,,,,
35.06228796,-80.84587902,199.7453,,,,,,,,,,,,,,,,,,,,,,,,,,,,,,,,,,,,,,,,,
35.06228796,-80.84587902,199.7453,,,,,,,,,,,,,,,,,,,,,,,,,,,,,,,,,,,,,,,,,
35.06228796,-80.84587902,199.7453,,,,,,,,,,,,,,,,,,,,,,,,,,,,,,,,,,,,,,,,,
35.06228796,-80.84587902,199.7453,,,,,,,,,,,,,,,,,,,,,,,,,,,,,,,,,,,,,,,,,
35.06228796,-80.84587902,199.7453,,,,,,,,,,,,,,,,,,,,,,,,,,,,,,,,,,,,,,,,,
35.06228796,-80.84587902,199.7453,,,,,,,,,,,,,,,,,,,,,,,,,,,,,,,,,,,,,,,,,
35.06228796,-80.84587902,199.7453,,,,,,,,,,,,,,,,,,,,,,,,,,,,,,,,,,,,,,,,,
35.06228796,-80.84587902,199.7453,,,,,,,,,,,,,,,,,,,,,,,,,,,,,,,,,,,,,,,,,
35.06228796,-80.84587902,199.7453,,,,,,,,,,,,,,,,,,,,,,,,,,,,,,,,,,,,,,,,,
35.06228796,-80.84587902,199.7453,,,,,,,,,,,,,,,,,,,,,,,,,,,,,,,,,,,,,,,,,
35.06228796,-80.84587902,199.7453,,,,,,,,,,,,,,,,,,,,,,,,,,,,,,,,,,,,,,,,,
35.06228796,-80.84587902,199.7453,,,,,,,,,,,,,,,,,,,,,,,,,,,,,,,,,,,,,,,,,
35.06228796,-80.84587902,199.7453,,,,,,,,,,,,,,,,,,,,,,,,,,,,,,,,,,,,,,,,,
35.06228796,-80.84587902,199.7453,,,,,,,,,,,,,,,,,,,,,,,,,,,,,,,,,,,,,,,,,
35.06228796,-80.84587902,199.7453,,,,,,,,,,,,,,,,,,,,,,,,,,,,,,,,,,,,,,,,,
35.06131404,-80.83957549,199.7453,,,,,,,,,,,,,,,,,,,,,,,,,,,,,,,,,,,,,,,,,
35.06131404,-80.83957549,199.7453,,,,,,,,,,,,,,,,,,,,,,,,,,,,,,,,,,,,,,,,,
35.05968003,-80.8289996,199.7453,,,,,,,,,,,,,,,,,,,,,,,,,,,,,,,,,,,,,,,,,
35.06069618,-80.8408338,199.7453,,,,,,,,,,,,,,,,,,,,,,,,,,,,,,,,,,,,,,,,,
35.06069618,-80.8408338,199.7453,,,,,,,,,,,,,,,,,,,,,,,,,,,,,,,,,,,,,,,,,
35.06069618,-80.8408338,199.7453,,,,,,,,,,,,,,,,,,,,,,,,,,,,,,,,,,,,,,,,,
35.06125922,-80.84668862,199.7453,,,,,,,,,,,,,,,,,,,,,,,,,,,,,,,,,,,,,,,,,
35.06125922,-80.84668862,199.7453,,,,,,,,,,,,,,,,,,,,,,,,,,,,,,,,,,,,,,,,,
35.06018057,-80.84422047,199.7453,,,,,,,,,,,,,,,,,,,,,,,,,,,,,,,,,,,,,,,,,
35.05874245,-80.83385782,199.7453,,,,,,,,,,,,,,,,,,,,,,,,,,,,,,,,,,,,,,,,,
35.05874245,-80.83385782,199.7453,,,,,,,,,,,,,,,,,,,,,,,,,,,,,,,,,,,,,,,,,
35.05874245,-80.83385782,199.7453,,,,,,,,,,,,,,,,,,,,,,,,,,,,,,,,,,,,,,,,,
35.05874245,-80.83385782,199.7453,,,,,,,,,,,,,,,,,,,,,,,,,,,,,,,,,,,,,,,,,
35.05937384,-80.8270313,199.7453,,,,,,,,,,,,,,,,,,,,,,,,,,,,,,,,,,,,,,,,,
35.05937384,-80.8270313,199.7453,,,,,,,,,,,,,,,,,,,,,,,,,,,,,,,,,,,,,,,,,
35.03915971,-80.84703699,199.7453,,,,,,,,,,,,,,,,,,,,,,,,,,,,,,,,,,,,,,,,,
35.05140704,-80.83608414,199.7453,,,,,,,,,,,,,,,,,,,,,,,,,,,,,,,,,,,,,,,,,
35.05140704,-80.83608414,199.7453,,,,,,,,,,,,,,,,,,,,,,,,,,,,,,,,,,,,,,,,,
35.06318294,-80.82582662,199.7453,,,,,,,,,,,,,,,,,,,,,,,,,,,,,,,,,,,,,,,,,
35.06130983,-80.83292784,199.7453,,,,,,,,,,,,,,,,,,,,,,,,,,,,,,,,,,,,,,,,,
35.05769196,-80.83658458,199.7453,,,,,,,,,,,,,,,,,,,,,,,,,,,,,,,,,,,,,,,,,
35.05769196,-80.83658458,199.7453,,,,,,,,,,,,,,,,,,,,,,,,,,,,,,,,,,,,,,,,,
35.05769196,-80.83658458,199.7453,,,,,,,,,,,,,,,,,,,,,,,,,,,,,,,,,,,,,,,,,
35.05067838,-80.84354902,199.7453,,,,,,,,,,,,,,,,,,,,,,,,,,,,,,,,,,,,,,,,,
35.05014869,-80.8423875,199.7453,,,,,,,,,,,,,,,,,,,,,,,,,,,,,,,,,,,,,,,,,
35.05014869,-80.8423875,199.7453,,,,,,,,,,,,,,,,,,,,,,,,,,,,,,,,,,,,,,,,,
35.05014869,-80.8423875,199.7453,,,,,,,,,,,,,,,,,,,,,,,,,,,,,,,,,,,,,,,,,
35.04488069,-80.83915296,199.7453,,,,,,,,,,,,,,,,,,,,,,,,,,,,,,,,,,,,,,,,,
35.04159639,-80.83840475,199.7453,,,,,,,,,,,,,,,,,,,,,,,,,,,,,,,,,,,,,,,,,
35.04159639,-80.83840475,199.7453,,,,,,,,,,,,,,,,,,,,,,,,,,,,,,,,,,,,,,,,,
35.04139905,-80.83835979,199.7453,,,,,,,,,,,,,,,,,,,,,,,,,,,,,,,,,,,,,,,,,
35.04138051,-80.83835557,199.7453,,,,,,,,,,,,,,,,,,,,,,,,,,,,,,,,,,,,,,,,,
35.04138051,-80.83835557,199.7453,,,,,,,,,,,,,,,,,,,,,,,,,,,,,,,,,,,,,,,,,
35.04138051,-80.83835557,199.7453,,,,,,,,,,,,,,,,,,,,,,,,,,,,,,,,,,,,,,,,,
35.04138051,-80.83835557,199.7453,,,,,,,,,,,,,,,,,,,,,,,,,,,,,,,,,,,,,,,,,
35.0413783,-80.83835507,199.7453,,,,,,,,,,,,,,,,,,,,,,,,,,,,,,,,,,,,,,,,,
35.04707104,-80.81606069,199.7453,,,,,,,,,,,,,,,,,,,,,,,,,,,,,,,,,,,,,,,,,
35.06401956,-80.80121915,199.7453,,,,,,,,,,,,,,,,,,,,,,,,,,,,,,,,,,,,,,,,,
35.06401956,-80.80121915,199.7453,,,,,,,,,,,,,,,,,,,,,,,,,,,,,,,,,,,,,,,,,
35.05918277,-80.84091803,199.7453,,,,,,,,,,,,,,,,,,,,,,,,,,,,,,,,,,,,,,,,,
35.06177437,-80.83995957,199.7453,,,,,,,,,,,,,,,,,,,,,,,,,,,,,,,,,,,,,,,,,
35.06177437,-80.83995957,199.7453,,,,,,,,,,,,,,,,,,,,,,,,,,,,,,,,,,,,,,,,,
35.06177437,-80.83995957,199.7453,,,,,,,,,,,,,,,,,,,,,,,,,,,,,,,,,,,,,,,,,
35.0587323,-80.84237239,199.7453,,,,,,,,,,,,,,,,,,,,,,,,,,,,,,,,,,,,,,,,,
35.0587323,-80.84237239,199.7453,,,,,,,,,,,,,,,,,,,,,,,,,,,,,,,,,,,,,,,,,
35.0587323,-80.84237239,199.7453,,,,,,,,,,,,,,,,,,,,,,,,,,,,,,,,,,,,,,,,,
35.05709118,-80.82616422,199.7453,,,,,,,,,,,,,,,,,,,,,,,,,,,,,,,,,,,,,,,,,
35.05440961,-80.7973395,199.7453,,,,,,,,,,,,,,,,,,,,,,,,,,,,,,,,,,,,,,,,,
35.05440961,-80.7973395,199.7453,,,,,,,,,,,,,,,,,,,,,,,,,,,,,,,,,,,,,,,,,
35.05394893,-80.79238749,199.7453,,,,,,,,,,,,,,,,,,,,,,,,,,,,,,,,,,,,,,,,,
35.05373981,-80.79013965,199.7453,,,,,,,,,,,,,,,,,,,,,,,,,,,,,,,,,,,,,,,,,
35.05373981,-80.79013965,199.7453,,,,,,,,,,,,,,,,,,,,,,,,,,,,,,,,,,,,,,,,,
35.05839292,-80.84047604,199.7453,,,,,,,,,,,,,,,,,,,,,,,,,,,,,,,,,,,,,,,,,
35.05839292,-80.84047604,199.7453,,,,,,,,,,,,,,,,,,,,,,,,,,,,,,,,,,,,,,,,,
35.05839292,-80.84047604,199.7453,,,,,,,,,,,,,,,,,,,,,,,,,,,,,,,,,,,,,,,,,
35.05839292,-80.84047604,199.7453,,,,,,,,,,,,,,,,,,,,,,,,,,,,,,,,,,,,,,,,,
35.05839292,-80.84047604,199.7453,,,,,,,,,,,,,,,,,,,,,,,,,,,,,,,,,,,,,,,,,
35.06435856,-80.86756058,199.7453,,,,,,,,,,,,,,,,,,,,,,,,,,,,,,,,,,,,,,,,,
35.07507658,-80.91408408,199.7453,,,,,,,,,,,,,,,,,,,,,,,,,,,,,,,,,,,,,,,,,
35.07507658,-80.91408408,199.7453,,,,,,,,,,,,,,,,,,,,,,,,,,,,,,,,,,,,,,,,,
35.05960864,-80.84695433,199.7453,,,,,,,,,,,,,,,,,,,,,,,,,,,,,,,,,,,,,,,,,
35.05960864,-80.84695433,199.7453,,,,,,,,,,,,,,,,,,,,,,,,,,,,,,,,,,,,,,,,,
35.05960864,-80.84695433,199.7453,,,,,,,,,,,,,,,,,,,,,,,,,,,,,,,,,,,,,,,,,
35.05860987,-80.84261972,199.7453,,,,,,,,,,,,,,,,,,,,,,,,,,,,,,,,,,,,,,,,,
35.05858045,-80.84249202,199.7453,,,,,,,,,,,,,,,,,,,,,,,,,,,,,,,,,,,,,,,,,
35.05858045,-80.84249202,199.7453,,,,,,,,,,,,,,,,,,,,,,,,,,,,,,,,,,,,,,,,,
35.06424516,-80.86707684,199.7453,,,,,,,,,,,,,,,,,,,,,,,,,,,,,,,,,,,,,,,,,
35.06534784,-80.8713874,199.7453,,,,,,,,,,,,,,,,,,,,,,,,,,,,,,,,,,,,,,,,,
35.06792481,-80.83593808,199.7453,,,,,,,,,,,,,,,,,,,,,,,,,,,,,,,,,,,,,,,,,
35.06792481,-80.83593808,199.7453,,,,,,,,,,,,,,,,,,,,,,,,,,,,,,,,,,,,,,,,,
35.05912363,-80.84209978,199.7453,,,,,,,,,,,,,,,,,,,,,,,,,,,,,,,,,,,,,,,,,
35.05857092,-80.84248885,199.7453,,,,,,,,,,,,,,,,,,,,,,,,,,,,,,,,,,,,,,,,,
35.06614668,-80.83768297,199.7453,,,,,,,,,,,,,,,,,,,,,,,,,,,,,,,,,,,,,,,,,
35.059028,-80.84219858,199.7453,,,,,,,,,,,,,,,,,,,,,,,,,,,,,,,,,,,,,,,,,
35.059028,-80.84219858,199.7453,,,,,,,,,,,,,,,,,,,,,,,,,,,,,,,,,,,,,,,,,
35.05857318,-80.84248702,199.7453,,,,,,,,,,,,,,,,,,,,,,,,,,,,,,,,,,,,,,,,,
35.05098036,-80.84345916,199.7453,,,,,,,,,,,,,,,,,,,,,,,,,,,,,,,,,,,,,,,,,
35.05811419,-80.84254314,199.7453,,,,,,,,,,,,,,,,,,,,,,,,,,,,,,,,,,,,,,,,,
35.05852079,-80.84249093,199.7453,,,,,,,,,,,,,,,,,,,,,,,,,,,,,,,,,,,,,,,,,
35.05852079,-80.84249093,199.7453,,,,,,,,,,,,,,,,,,,,,,,,,,,,,,,,,,,,,,,,,
35.05857827,-80.84248355,199.7453,,,,,,,,,,,,,,,,,,,,,,,,,,,,,,,,,,,,,,,,,
35.05857827,-80.84248355,199.7453,,,,,,,,,,,,,,,,,,,,,,,,,,,,,,,,,,,,,,,,,
35.05857848,-80.84248352,199.7453,,,,,,,,,,,,,,,,,,,,,,,,,,,,,,,,,,,,,,,,,
35.05857848,-80.84248352,199.7453,,,,,,,,,,,,,,,,,,,,,,,,,,,,,,,,,,,,,,,,,
35.05857849,-80.84248352,199.7453,,,,,,,,,,,,,,,,,,,,,,,,,,,,,,,,,,,,,,,,,
35.05857849,-80.84248352,199.7453,,,,,,,,,,,,,,,,,,,,,,,,,,,,,,,,,,,,,,,,,
35.05857849,-80.84248352,199.7453,,,,,,,,,,,,,,,,,,,,,,,,,,,,,,,,,,,,,,,,,
35.05857849,-80.84248352,199.7453,,,,,,,,,,,,,,,,,,,,,,,,,,,,,,,,,,,,,,,,,
35.05857849,-80.84248352,199.7453,,,,,,,,,,,,,,,,,,,,,,,,,,,,,,,,,,,,,,,,,
35.05857849,-80.84248352,199.7453,,,,,,,,,,,,,,,,,,,,,,,,,,,,,,,,,,,,,,,,,
35.05857849,-80.84248352,199.7453,,,,,,,,,,,,,,,,,,,,,,,,,,,,,,,,,,,,,,,,,
35.05857849,-80.84248352,199.7453,,,,,,,,,,,,,,,,,,,,,,,,,,,,,,,,,,,,,,,,,
35.05857849,-80.84248352,199.7453,,,,,,,,,,,,,,,,,,,,,,,,,,,,,,,,,,,,,,,,,
35.05857849,-80.84248352,199.7453,,,,,,,,,,,,,,,,,,,,,,,,,,,,,,,,,,,,,,,,,
35.05857849,-80.84248352,199.7453,,,,,,,,,,,,,,,,,,,,,,,,,,,,,,,,,,,,,,,,,
35.05857849,-80.84248352,199.7453,,,,,,,,,,,,,,,,,,,,,,,,,,,,,,,,,,,,,,,,,
35.05857849,-80.84248352,199.7453,,,,,,,,,,,,,,,,,,,,,,,,,,,,,,,,,,,,,,,,,
35.05707445,-80.82621344,199.7453,,,,,,,,,,,,,,,,,,,,,,,,,,,,,,,,,,,,,,,,,
35.05707445,-80.82621344,199.7453,,,,,,,,,,,,,,,,,,,,,,,,,,,,,,,,,,,,,,,,,
35.0539149,-80.79203458,199.7453,,,,,,,,,,,,,,,,,,,,,,,,,,,,,,,,,,,,,,,,,
35.0718242,-80.82188223,199.7453,,,,,,,,,,,,,,,,,,,,,,,,,,,,,,,,,,,,,,,,,
35.0718242,-80.82188223,199.7453,,,,,,,,,,,,,,,,,,,,,,,,,,,,,,,,,,,,,,,,,
35.0653362,-80.83888173,199.7453,,,,,,,,,,,,,,,,,,,,,,,,,,,,,,,,,,,,,,,,,
35.0653362,-80.83888173,199.7453,,,,,,,,,,,,,,,,,,,,,,,,,,,,,,,,,,,,,,,,,
35.08519082,-80.82591502,199.7453,,,,,,,,,,,,,,,,,,,,,,,,,,,,,,,,,,,,,,,,,
35.07015313,-80.84466421,199.7453,,,,,,,,,,,,,,,,,,,,,,,,,,,,,,,,,,,,,,,,,
35.08551238,-80.85172187,199.7453,,,,,,,,,,,,,,,,,,,,,,,,,,,,,,,,,,,,,,,,,
35.05987193,-80.84415994,199.7453,,,,,,,,,,,,,,,,,,,,,,,,,,,,,,,,,,,,,,,,,
35.05987193,-80.84415994,199.7453,,,,,,,,,,,,,,,,,,,,,,,,,,,,,,,,,,,,,,,,,
35.06448337,-80.86912248,199.7453,,,,,,,,,,,,,,,,,,,,,,,,,,,,,,,,,,,,,,,,,
35.07229433,-80.90310206,199.7453,,,,,,,,,,,,,,,,,,,,,,,,,,,,,,,,,,,,,,,,,
35.06822837,-80.84593297,199.7453,,,,,,,,,,,,,,,,,,,,,,,,,,,,,,,,,,,,,,,,,
35.08499296,-80.85177197,199.7453,,,,,,,,,,,,,,,,,,,,,,,,,,,,,,,,,,,,,,,,,
35.08987542,-80.85348792,199.7453,,,,,,,,,,,,,,,,,,,,,,,,,,,,,,,,,,,,,,,,,
35.06069788,-80.84322746,199.7453,,,,,,,,,,,,,,,,,,,,,,,,,,,,,,,,,,,,,,,,,
35.05870412,-80.84252758,199.7453,,,,,,,,,,,,,,,,,,,,,,,,,,,,,,,,,,,,,,,,,
35.05884514,-80.84257735,199.7453,,,,,,,,,,,,,,,,,,,,,,,,,,,,,,,,,,,,,,,,,
35.05884514,-80.84257735,199.7453,,,,,,,,,,,,,,,,,,,,,,,,,,,,,,,,,,,,,,,,,
35.05858782,-80.8424868,199.7453,,,,,,,,,,,,,,,,,,,,,,,,,,,,,,,,,,,,,,,,,
35.05857878,-80.84248362,199.7453,,,,,,,,,,,,,,,,,,,,,,,,,,,,,,,,,,,,,,,,,
35.08743295,-80.87156244,199.7453,,,,,,,,,,,,,,,,,,,,,,,,,,,,,,,,,,,,,,,,,
35.06414729,-80.84809564,199.7453,,,,,,,,,,,,,,,,,,,,,,,,,,,,,,,,,,,,,,,,,
35.05844607,-80.84235009,199.7453,,,,,,,,,,,,,,,,,,,,,,,,,,,,,,,,,,,,,,,,,
35.05852465,-80.84242927,199.7453,,,,,,,,,,,,,,,,,,,,,,,,,,,,,,,,,,,,,,,,,
35.05857373,-80.84247872,199.7453,,,,,,,,,,,,,,,,,,,,,,,,,,,,,,,,,,,,,,,,,
35.05857853,-80.84248356,199.7453,,,,,,,,,,,,,,,,,,,,,,,,,,,,,,,,,,,,,,,,,
35.0585785,-80.84248353,199.7453,,,,,,,,,,,,,,,,,,,,,,,,,,,,,,,,,,,,,,,,,
35.0585785,-80.84248353,199.7453,,,,,,,,,,,,,,,,,,,,,,,,,,,,,,,,,,,,,,,,,
35.0585785,-80.84248353,199.7453,,,,,,,,,,,,,,,,,,,,,,,,,,,,,,,,,,,,,,,,,
35.0585785,-80.84248353,199.7453,,,,,,,,,,,,,,,,,,,,,,,,,,,,,,,,,,,,,,,,,
35.0585785,-80.84248353,199.7453,,,,,,,,,,,,,,,,,,,,,,,,,,,,,,,,,,,,,,,,,
35.0585785,-80.84248353,199.7453,,,,,,,,,,,,,,,,,,,,,,,,,,,,,,,,,,,,,,,,,
35.05857849,-80.84248352,199.7453,,,,,,,,,,,,,,,,,,,,,,,,,,,,,,,,,,,,,,,,,
35.05857849,-80.84248352,199.7453,,,,,,,,,,,,,,,,,,,,,,,,,,,,,,,,,,,,,,,,,
35.05857849,-80.84248352,199.7453,,,,,,,,,,,,,,,,,,,,,,,,,,,,,,,,,,,,,,,,,
35.07460122,-80.9120223,199.7453,,,,,,,,,,,,,,,,,,,,,,,,,,,,,,,,,,,,,,,,,
35.05836369,-80.83188011,199.7453,,,,,,,,,,,,,,,,,,,,,,,,,,,,,,,,,,,,,,,,,
35.05836369,-80.83188011,199.7453,,,,,,,,,,,,,,,,,,,,,,,,,,,,,,,,,,,,,,,,,
35.06179551,-80.8378934,199.7453,,,,,,,,,,,,,,,,,,,,,,,,,,,,,,,,,,,,,,,,,
35.05897608,-80.84191623,199.7453,,,,,,,,,,,,,,,,,,,,,,,,,,,,,,,,,,,,,,,,,
35.05897608,-80.84191623,199.7453,,,,,,,,,,,,,,,,,,,,,,,,,,,,,,,,,,,,,,,,,
35.05897608,-80.84191623,199.7453,,,,,,,,,,,,,,,,,,,,,,,,,,,,,,,,,,,,,,,,,
35.05897608,-80.84191623,199.7453,,,,,,,,,,,,,,,,,,,,,,,,,,,,,,,,,,,,,,,,,
35.05897608,-80.84191623,199.7453,,,,,,,,,,,,,,,,,,,,,,,,,,,,,,,,,,,,,,,,,
35.05897608,-80.84191623,199.7453,,,,,,,,,,,,,,,,,,,,,,,,,,,,,,,,,,,,,,,,,
35.05074186,-80.8434896,199.7453,,,,,,,,,,,,,,,,,,,,,,,,,,,,,,,,,,,,,,,,,
35.05073583,-80.84349055,199.7453,,,,,,,,,,,,,,,,,,,,,,,,,,,,,,,,,,,,,,,,,
35.05073583,-80.84349055,199.7453,,,,,,,,,,,,,,,,,,,,,,,,,,,,,,,,,,,,,,,,,
35.0577449,-80.84259056,199.7453,,,,,,,,,,,,,,,,,,,,,,,,,,,,,,,,,,,,,,,,,
35.0577449,-80.84259056,199.7453,,,,,,,,,,,,,,,,,,,,,,,,,,,,,,,,,,,,,,,,,
35.0577449,-80.84259056,199.7453,,,,,,,,,,,,,,,,,,,,,,,,,,,,,,,,,,,,,,,,,
35.0577449,-80.84259056,199.7453,,,,,,,,,,,,,,,,,,,,,,,,,,,,,,,,,,,,,,,,,
35.04507615,-80.839049,199.7453,,,,,,,,,,,,,,,,,,,,,,,,,,,,,,,,,,,,,,,,,
35.05727578,-80.84857511,199.7453,,,,,,,,,,,,,,,,,,,,,,,,,,,,,,,,,,,,,,,,,
35.05727578,-80.84857511,199.7453,,,,,,,,,,,,,,,,,,,,,,,,,,,,,,,,,,,,,,,,,
35.05093289,-80.84366351,199.7453,,,,,,,,,,,,,,,,,,,,,,,,,,,,,,,,,,,,,,,,,
35.05093289,-80.84366351,199.7453,,,,,,,,,,,,,,,,,,,,,,,,,,,,,,,,,,,,,,,,,
35.05856338,-80.84248565,199.7453,,,,,,,,,,,,,,,,,,,,,,,,,,,,,,,,,,,,,,,,,
35.05463778,-80.84298957,199.7453,,,,,,,,,,,,,,,,,,,,,,,,,,,,,,,,,,,,,,,,,
35.05773791,-80.84259146,199.7453,,,,,,,,,,,,,,,,,,,,,,,,,,,,,,,,,,,,,,,,,
35.05773791,-80.84259146,199.7453,,,,,,,,,,,,,,,,,,,,,,,,,,,,,,,,,,,,,,,,,
35.08781743,-80.87194511,199.7453,,,,,,,,,,,,,,,,,,,,,,,,,,,,,,,,,,,,,,,,,
35.08814641,-80.87228021,199.7453,,,,,,,,,,,,,,,,,,,,,,,,,,,,,,,,,,,,,,,,,
35.06730187,-80.8512744,199.7453,,,,,,,,,,,,,,,,,,,,,,,,,,,,,,,,,,,,,,,,,
35.06730187,-80.8512744,199.7453,,,,,,,,,,,,,,,,,,,,,,,,,,,,,,,,,,,,,,,,,
35.06730187,-80.8512744,199.7453,,,,,,,,,,,,,,,,,,,,,,,,,,,,,,,,,,,,,,,,,
35.06234247,-80.84097383,199.7453,,,,,,,,,,,,,,,,,,,,,,,,,,,,,,,,,,,,,,,,,
35.06234247,-80.84097383,199.7453,,,,,,,,,,,,,,,,,,,,,,,,,,,,,,,,,,,,,,,,,
35.0589363,-80.84229803,199.7453,,,,,,,,,,,,,,,,,,,,,,,,,,,,,,,,,,,,,,,,,
35.05859836,-80.84245731,199.7453,,,,,,,,,,,,,,,,,,,,,,,,,,,,,,,,,,,,,,,,,
35.05859836,-80.84245731,199.7453,,,,,,,,,,,,,,,,,,,,,,,,,,,,,,,,,,,,,,,,,
35.05859836,-80.84245731,199.7453,,,,,,,,,,,,,,,,,,,,,,,,,,,,,,,,,,,,,,,,,
35.05857954,-80.84248104,199.7453,,,,,,,,,,,,,,,,,,,,,,,,,,,,,,,,,,,,,,,,,
35.05857954,-80.84248104,199.7453,,,,,,,,,,,,,,,,,,,,,,,,,,,,,,,,,,,,,,,,,
35.05706732,-80.82613423,199.7453,,,,,,,,,,,,,,,,,,,,,,,,,,,,,,,,,,,,,,,,,
35.05440855,-80.79737438,199.7453,,,,,,,,,,,,,,,,,,,,,,,,,,,,,,,,,,,,,,,,,
35.05440855,-80.79737438,199.7453,,,,,,,,,,,,,,,,,,,,,,,,,,,,,,,,,,,,,,,,,
35.05376882,-80.79045445,199.7453,,,,,,,,,,,,,,,,,,,,,,,,,,,,,,,,,,,,,,,,,
35.05376882,-80.79045445,199.7453,,,,,,,,,,,,,,,,,,,,,,,,,,,,,,,,,,,,,,,,,
35.05371866,-80.78991175,199.7453,,,,,,,,,,,,,,,,,,,,,,,,,,,,,,,,,,,,,,,,,
35.05371753,-80.7898996,199.7453,,,,,,,,,,,,,,,,,,,,,,,,,,,,,,,,,,,,,,,,,
35.0537205,-80.78993168,199.7453,,,,,,,,,,,,,,,,,,,,,,,,,,,,,,,,,,,,,,,,,
35.05714348,-80.82696011,199.7453,,,,,,,,,,,,,,,,,,,,,,,,,,,,,,,,,,,,,,,,,
35.05861519,-80.84288054,199.7453,,,,,,,,,,,,,,,,,,,,,,,,,,,,,,,,,,,,,,,,,
35.05861519,-80.84288054,199.7453,,,,,,,,,,,,,,,,,,,,,,,,,,,,,,,,,,,,,,,,,
35.05857922,-80.84249137,199.7453,,,,,,,,,,,,,,,,,,,,,,,,,,,,,,,,,,,,,,,,,
35.07401708,-80.83269185,199.7453,,,,,,,,,,,,,,,,,,,,,,,,,,,,,,,,,,,,,,,,,
35.07401708,-80.83269185,199.7453,,,,,,,,,,,,,,,,,,,,,,,,,,,,,,,,,,,,,,,,,
35.08068885,-80.88048714,199.7453,,,,,,,,,,,,,,,,,,,,,,,,,,,,,,,,,,,,,,,,,
35.0812765,-80.87494282,199.7453,,,,,,,,,,,,,,,,,,,,,,,,,,,,,,,,,,,,,,,,,
35.06043884,-80.84851504,199.7453,,,,,,,,,,,,,,,,,,,,,,,,,,,,,,,,,,,,,,,,,
35.06043884,-80.84851504,199.7453,,,,,,,,,,,,,,,,,,,,,,,,,,,,,,,,,,,,,,,,,
35.06083199,-80.84425322,199.7453,,,,,,,,,,,,,,,,,,,,,,,,,,,,,,,,,,,,,,,,,
35.06083199,-80.84425322,199.7453,,,,,,,,,,,,,,,,,,,,,,,,,,,,,,,,,,,,,,,,,
35.06083199,-80.84425322,199.7453,,,,,,,,,,,,,,,,,,,,,,,,,,,,,,,,,,,,,,,,,
35.06083199,-80.84425322,199.7453,,,,,,,,,,,,,,,,,,,,,,,,,,,,,,,,,,,,,,,,,
35.06083199,-80.84425322,199.7453,,,,,,,,,,,,,,,,,,,,,,,,,,,,,,,,,,,,,,,,,
35.06083199,-80.84425322,199.7453,,,,,,,,,,,,,,,,,,,,,,,,,,,,,,,,,,,,,,,,,
35.06083199,-80.84425322,199.7453,,,,,,,,,,,,,,,,,,,,,,,,,,,,,,,,,,,,,,,,,
35.06083199,-80.84425322,199.7453,,,,,,,,,,,,,,,,,,,,,,,,,,,,,,,,,,,,,,,,,
35.06083199,-80.84425322,199.7453,,,,,,,,,,,,,,,,,,,,,,,,,,,,,,,,,,,,,,,,,
35.06058074,-80.84557864,199.7453,,,,,,,,,,,,,,,,,,,,,,,,,,,,,,,,,,,,,,,,,
35.06058074,-80.84557864,199.7453,,,,,,,,,,,,,,,,,,,,,,,,,,,,,,,,,,,,,,,,,
35.06058074,-80.84557864,199.7453,,,,,,,,,,,,,,,,,,,,,,,,,,,,,,,,,,,,,,,,,
35.05892757,-80.84528874,199.7453,,,,,,,,,,,,,,,,,,,,,,,,,,,,,,,,,,,,,,,,,
35.05892757,-80.84528874,199.7453,,,,,,,,,,,,,,,,,,,,,,,,,,,,,,,,,,,,,,,,,
35.07327762,-80.90655955,199.7453,,,,,,,,,,,,,,,,,,,,,,,,,,,,,,,,,,,,,,,,,
35.07327762,-80.90655955,199.7453,,,,,,,,,,,,,,,,,,,,,,,,,,,,,,,,,,,,,,,,,
35.07327762,-80.90655955,199.7453,,,,,,,,,,,,,,,,,,,,,,,,,,,,,,,,,,,,,,,,,
35.07327762,-80.90655955,199.7453,,,,,,,,,,,,,,,,,,,,,,,,,,,,,,,,,,,,,,,,,
35.05869904,-80.84300902,199.7453,,,,,,,,,,,,,,,,,,,,,,,,,,,,,,,,,,,,,,,,,
35.05869904,-80.84300902,199.7453,,,,,,,,,,,,,,,,,,,,,,,,,,,,,,,,,,,,,,,,,
35.05858226,-80.84249994,199.7453,,,,,,,,,,,,,,,,,,,,,,,,,,,,,,,,,,,,,,,,,
35.05857861,-80.84248403,199.7453,,,,,,,,,,,,,,,,,,,,,,,,,,,,,,,,,,,,,,,,,
35.05857861,-80.84248403,199.7453,,,,,,,,,,,,,,,,,,,,,,,,,,,,,,,,,,,,,,,,,
35.05857849,-80.84248352,199.7453,,,,,,,,,,,,,,,,,,,,,,,,,,,,,,,,,,,,,,,,,
35.05857849,-80.84248352,199.7453,,,,,,,,,,,,,,,,,,,,,,,,,,,,,,,,,,,,,,,,,
35.07381962,-80.83281465,199.7453,,,,,,,,,,,,,,,,,,,,,,,,,,,,,,,,,,,,,,,,,
35.07381962,-80.83281465,199.7453,,,,,,,,,,,,,,,,,,,,,,,,,,,,,,,,,,,,,,,,,
35.06119476,-80.84082378,199.7453,,,,,,,,,,,,,,,,,,,,,,,,,,,,,,,,,,,,,,,,,
35.06119476,-80.84082378,199.7453,,,,,,,,,,,,,,,,,,,,,,,,,,,,,,,,,,,,,,,,,
35.06119476,-80.84082378,199.7453,,,,,,,,,,,,,,,,,,,,,,,,,,,,,,,,,,,,,,,,,
35.0586407,-80.84244406,199.7453,,,,,,,,,,,,,,,,,,,,,,,,,,,,,,,,,,,,,,,,,
35.05708223,-80.8262485,199.7453,,,,,,,,,,,,,,,,,,,,,,,,,,,,,,,,,,,,,,,,,
35.05708223,-80.8262485,199.7453,,,,,,,,,,,,,,,,,,,,,,,,,,,,,,,,,,,,,,,,,
35.05708223,-80.8262485,199.7453,,,,,,,,,,,,,,,,,,,,,,,,,,,,,,,,,,,,,,,,,
35.0603085,-80.84596745,199.7453,,,,,,,,,,,,,,,,,,,,,,,,,,,,,,,,,,,,,,,,,
35.0603085,-80.84596745,199.7453,,,,,,,,,,,,,,,,,,,,,,,,,,,,,,,,,,,,,,,,,
35.0603085,-80.84596745,199.7453,,,,,,,,,,,,,,,,,,,,,,,,,,,,,,,,,,,,,,,,,
35.0603085,-80.84596745,199.7453,,,,,,,,,,,,,,,,,,,,,,,,,,,,,,,,,,,,,,,,,
35.0603085,-80.84596745,199.7453,,,,,,,,,,,,,,,,,,,,,,,,,,,,,,,,,,,,,,,,,
35.0603085,-80.84596745,199.7453,,,,,,,,,,,,,,,,,,,,,,,,,,,,,,,,,,,,,,,,,
35.06033363,-80.84617884,199.7453,,,,,,,,,,,,,,,,,,,,,,,,,,,,,,,,,,,,,,,,,
35.05973511,-80.84491882,199.7453,,,,,,,,,,,,,,,,,,,,,,,,,,,,,,,,,,,,,,,,,
35.05973511,-80.84491882,199.7453,,,,,,,,,,,,,,,,,,,,,,,,,,,,,,,,,,,,,,,,,
35.05973511,-80.84491882,199.7453,,,,,,,,,,,,,,,,,,,,,,,,,,,,,,,,,,,,,,,,,
35.05973511,-80.84491882,199.7453,,,,,,,,,,,,,,,,,,,,,,,,,,,,,,,,,,,,,,,,,
35.0540558,-80.7934357,199.7453,,,,,,,,,,,,,,,,,,,,,,,,,,,,,,,,,,,,,,,,,
35.0540558,-80.7934357,199.7453,,,,,,,,,,,,,,,,,,,,,,,,,,,,,,,,,,,,,,,,,
35.0540558,-80.7934357,199.7453,,,,,,,,,,,,,,,,,,,,,,,,,,,,,,,,,,,,,,,,,
35.0540558,-80.7934357,199.7453,,,,,,,,,,,,,,,,,,,,,,,,,,,,,,,,,,,,,,,,,
35.0540558,-80.7934357,199.7453,,,,,,,,,,,,,,,,,,,,,,,,,,,,,,,,,,,,,,,,,
35.0540558,-80.7934357,199.7453,,,,,,,,,,,,,,,,,,,,,,,,,,,,,,,,,,,,,,,,,
35.0540558,-80.7934357,199.7453,,,,,,,,,,,,,,,,,,,,,,,,,,,,,,,,,,,,,,,,,
35.0540558,-80.7934357,199.7453,,,,,,,,,,,,,,,,,,,,,,,,,,,,,,,,,,,,,,,,,
35.0540558,-80.7934357,199.7453,,,,,,,,,,,,,,,,,,,,,,,,,,,,,,,,,,,,,,,,,
35.05887485,-80.84528284,199.7453,,,,,,,,,,,,,,,,,,,,,,,,,,,,,,,,,,,,,,,,,
35.05887485,-80.84528284,199.7453,,,,,,,,,,,,,,,,,,,,,,,,,,,,,,,,,,,,,,,,,
35.05887485,-80.84528284,199.7453,,,,,,,,,,,,,,,,,,,,,,,,,,,,,,,,,,,,,,,,,
35.05887485,-80.84528284,199.7453,,,,,,,,,,,,,,,,,,,,,,,,,,,,,,,,,,,,,,,,,
35.05887485,-80.84528284,199.7453,,,,,,,,,,,,,,,,,,,,,,,,,,,,,,,,,,,,,,,,,
35.05887485,-80.84528284,199.7453,,,,,,,,,,,,,,,,,,,,,,,,,,,,,,,,,,,,,,,,,
35.05887485,-80.84528284,199.7453,,,,,,,,,,,,,,,,,,,,,,,,,,,,,,,,,,,,,,,,,
35.05887453,-80.84527943,199.7453,,,,,,,,,,,,,,,,,,,,,,,,,,,,,,,,,,,,,,,,,
35.05887453,-80.84527943,199.7453,,,,,,,,,,,,,,,,,,,,,,,,,,,,,,,,,,,,,,,,,
35.05887453,-80.84527943,199.7453,,,,,,,,,,,,,,,,,,,,,,,,,,,,,,,,,,,,,,,,,
35.0612697,-80.84675024,199.7453,,,,,,,,,,,,,,,,,,,,,,,,,,,,,,,,,,,,,,,,,
35.0612697,-80.84675024,199.7453,,,,,,,,,,,,,,,,,,,,,,,,,,,,,,,,,,,,,,,,,
35.06127623,-80.84675425,199.7453,,,,,,,,,,,,,,,,,,,,,,,,,,,,,,,,,,,,,,,,,
35.05861859,-80.84254721,199.7453,,,,,,,,,,,,,,,,,,,,,,,,,,,,,,,,,,,,,,,,,
35.05857972,-80.84248558,199.7453,,,,,,,,,,,,,,,,,,,,,,,,,,,,,,,,,,,,,,,,,
35.05590796,-80.83702725,199.5499,,,,,,,,,,,,,,,,,,,,,,,,,,,,,,,,,,,,,,,,,
35.05550864,-80.83686418,200.7475,,,,,,,,,,,,,,,,,,,,,,,,,,,,,,,,,,,,,,,,,
35.05544886,-80.83658578,217.2915,,,,,,,,,,,,,,,,,,,,,,,,,,,,,,,,,,,,,,,,,
35.05586862,-80.83717243,221.638,,,,,,,,,,,,,,,,,,,,,,,,,,,,,,,,,,,,,,,,,
35.05582101,-80.83707562,201.7238,,,,,,,,,,,,,,,,,,,,,,,,,,,,,,,,,,,,,,,,,
35.05582101,-80.83707562,201.7238,,,,,,,,,,,,,,,,,,,,,,,,,,,,,,,,,,,,,,,,,
35.05582101,-80.83707562,201.7238,,,,,,,,,,,,,,,,,,,,,,,,,,,,,,,,,,,,,,,,,
35.05582101,-80.83707562,201.7238,,,,,,,,,,,,,,,,,,,,,,,,,,,,,,,,,,,,,,,,,
35.05560164,-80.83666214,199.0859,,,,,,,,,,,,,,,,,,,,,,,,,,,,,,,,,,,,,,,,,
35.0567625,-80.83637352,192.4524,,,,,,,,,,,,,,,,,,,,,,,,,,,,,,,,,,,,,,,,,
35.05678227,-80.83631265,194.0636,,,,,,,,,,,,,,,,,,,,,,,,,,,,,,,,,,,,,,,,,
35.05683985,-80.83607238,192.8081,,,,,,,,,,,,,,,,,,,,,,,,,,,,,,,,,,,,,,,,,
35.05586214,-80.83575348,196.766,,,,,,,,,,,,,,,,,,,,,,,,,,,,,,,,,,,,,,,,,
35.05576185,-80.83573138,195.1123,,,,,,,,,,,,,,,,,,,,,,,,,,,,,,,,,,,,,,,,,
35.05550447,-80.83566034,193.2995,,,,,,,,,,,,,,,,,,,,,,,,,,,,,,,,,,,,,,,,,
35.0555558,-80.83339443,191.407,,,,,,,,,,,,,,,,,,,,,,,,,,,,,,,,,,,,,,,,,
35.05582594,-80.83225235,189.9262,,,,,,,,,,,,,,,,,,,,,,,,,,,,,,,,,,,,,,,,,
35.0560284,-80.83109472,192.4417,,,,,,,,,,,,,,,,,,,,,,,,,,,,,,,,,,,,,,,,,
35.05648458,-80.82858957,188.0238,,,,,,,,,,,,,,,,,,,,,,,,,,,,,,,,,,,,,,,,,
35.0567679,-80.82697458,187.6228,,,,,,,,,,,,,,,,,,,,,,,,,,,,,,,,,,,,,,,,,
35.05682681,-80.82637095,190.026,,,,,,,,,,,,,,,,,,,,,,,,,,,,,,,,,,,,,,,,,
35.05679963,-80.82462942,195.0118,,,,,,,,,,,,,,,,,,,,,,,,,,,,,,,,,,,,,,,,,
35.05667753,-80.82377661,195.971,,,,,,,,,,,,,,,,,,,,,,,,,,,,,,,,,,,,,,,,,
35.05628471,-80.82098216,194.0943,,,,,,,,,,,,,,,,,,,,,,,,,,,,,,,,,,,,,,,,,
35.05631316,-80.82031102,198.9334,,,,,,,,,,,,,,,,,,,,,,,,,,,,,,,,,,,,,,,,,
35.05631132,-80.82033446,192.7624,,,,,,,,,,,,,,,,,,,,,,,,,,,,,,,,,,,,,,,,,
35.05676395,-80.81792105,199.4438,,,,,,,,,,,,,,,,,,,,,,,,,,,,,,,,,,,,,,,,,
35.05692051,-80.81725875,204.8399,,,,,,,,,,,,,,,,,,,,,,,,,,,,,,,,,,,,,,,,,
35.05693703,-80.8171886,209.9247,,,,,,,,,,,,,,,,,,,,,,,,,,,,,,,,,,,,,,,,,
35.05767697,-80.81446493,205.3412,,,,,,,,,,,,,,,,,,,,,,,,,,,,,,,,,,,,,,,,,
35.05723135,-80.81255031,203.317,,,,,,,,,,,,,,,,,,,,,,,,,,,,,,,,,,,,,,,,,
35.05459515,-80.81224378,211.0118,,,,,,,,,,,,,,,,,,,,,,,,,,,,,,,,,,,,,,,,,
35.05441914,-80.81215735,216.5199,,,,,,,,,,,,,,,,,,,,,,,,,,,,,,,,,,,,,,,,,
35.04900763,-80.80886488,208.2152,,,,,,,,,,,,,,,,,,,,,,,,,,,,,,,,,,,,,,,,,
35.04900763,-80.80886488,208.2152,,,,,,,,,,,,,,,,,,,,,,,,,,,,,,,,,,,,,,,,,
35.04210064,-80.80830149,201.9079,,,,,,,,,,,,,,,,,,,,,,,,,,,,,,,,,,,,,,,,,
35.03955035,-80.80677439,193.9884,,,,,,,,,,,,,,,,,,,,,,,,,,,,,,,,,,,,,,,,,
35.0395246,-80.80674873,194.0536,,,,,,,,,,,,,,,,,,,,,,,,,,,,,,,,,,,,,,,,,
35.03842654,-80.80571628,192.0105,,,,,,,,,,,,,,,,,,,,,,,,,,,,,,,,,,,,,,,,,
35.03808096,-80.80549248,189.4414,,,,,,,,,,,,,,,,,,,,,,,,,,,,,,,,,,,,,,,,,
35.03757343,-80.80522871,189.9243,,,,,,,,,,,,,,,,,,,,,,,,,,,,,,,,,,,,,,,,,
35.03509936,-80.8036041,183.1241,,,,,,,,,,,,,,,,,,,,,,,,,,,,,,,,,,,,,,,,,
35.03473575,-80.80384011,180.1312,,,,,,,,,,,,,,,,,,,,,,,,,,,,,,,,,,,,,,,,,
35.03457955,-80.80371011,179.7611,,,,,,,,,,,,,,,,,,,,,,,,,,,,,,,,,,,,,,,,,
35.03451525,-80.80329626,181.67,,,,,,,,,,,,,,,,,,,,,,,,,,,,,,,,,,,,,,,,,
35.03449396,-80.8032635,182.0771,,,,,,,,,,,,,,,,,,,,,,,,,,,,,,,,,,,,,,,,,
35.03434893,-80.80374751,182.7177,,,,,,,,,,,,,,,,,,,,,,,,,,,,,,,,,,,,,,,,,
35.03462202,-80.80387239,183.0333,,,,,,,,,,,,,,,,,,,,,,,,,,,,,,,,,,,,,,,,,
35.03445322,-80.80375029,182.9955,,,,,,,,,,,,,,,,,,,,,,,,,,,,,,,,,,,,,,,,,
35.0345813,-80.80406524,183.8698,,,,,,,,,,,,,,,,,,,,,,,,,,,,,,,,,,,,,,,,,
35.0345813,-80.80406524,183.8698,,,,,,,,,,,,,,,,,,,,,,,,,,,,,,,,,,,,,,,,,
35.03461133,-80.8036973,183.0079,,,,,,,,,,,,,,,,,,,,,,,,,,,,,,,,,,,,,,,,,
35.03461399,-80.80369687,183.1403,,,,,,,,,,,,,,,,,,,,,,,,,,,,,,,,,,,,,,,,,
35.03461546,-80.80369245,183.004,,,,,,,,,,,,,,,,,,,,,,,,,,,,,,,,,,,,,,,,,
35.03460594,-80.80370697,183.0802,,,,,,,,,,,,,,,,,,,,,,,,,,,,,,,,,,,,,,,,,
35.03462019,-80.80368352,183.0001,,,,,,,,,,,,,,,,,,,,,,,,,,,,,,,,,,,,,,,,,
35.0346024,-80.80369927,183,,,,,,,,,,,,,,,,,,,,,,,,,,,,,,,,,,,,,,,,,
35.03461524,-80.80369428,183.0356,,,,,,,,,,,,,,,,,,,,,,,,,,,,,,,,,,,,,,,,,
35.03461368,-80.80370001,183.0001,,,,,,,,,,,,,,,,,,,,,,,,,,,,,,,,,,,,,,,,,
35.03460694,-80.80370802,183,,,,,,,,,,,,,,,,,,,,,,,,,,,,,,,,,,,,,,,,,
35.03460694,-80.80370802,183,,,,,,,,,,,,,,,,,,,,,,,,,,,,,,,,,,,,,,,,,
35.03460729,-80.80371071,183.0088,,,,,,,,,,,,,,,,,,,,,,,,,,,,,,,,,,,,,,,,,
35.03462869,-80.80367766,183.0547,,,,,,,,,,,,,,,,,,,,,,,,,,,,,,,,,,,,,,,,,
35.03457845,-80.80370815,183.0001,,,,,,,,,,,,,,,,,,,,,,,,,,,,,,,,,,,,,,,,,
35.03461039,-80.80368969,183.1411,,,,,,,,,,,,,,,,,,,,,,,,,,,,,,,,,,,,,,,,,
35.03460331,-80.80369217,183.1255,,,,,,,,,,,,,,,,,,,,,,,,,,,,,,,,,,,,,,,,,
35.03461466,-80.80368354,183.0191,,,,,,,,,,,,,,,,,,,,,,,,,,,,,,,,,,,,,,,,,
35.0346189,-80.80368486,183.0325,,,,,,,,,,,,,,,,,,,,,,,,,,,,,,,,,,,,,,,,,
35.0346085,-80.80369414,183.0147,,,,,,,,,,,,,,,,,,,,,,,,,,,,,,,,,,,,,,,,,
35.03460715,-80.80370005,183,,,,,,,,,,,,,,,,,,,,,,,,,,,,,,,,,,,,,,,,,
35.03460866,-80.80369997,183.0039,,,,,,,,,,,,,,,,,,,,,,,,,,,,,,,,,,,,,,,,,
35.03462017,-80.80369389,183.045,,,,,,,,,,,,,,,,,,,,,,,,,,,,,,,,,,,,,,,,,
35.03462161,-80.80368116,183,,,,,,,,,,,,,,,,,,,,,,,,,,,,,,,,,,,,,,,,,
35.03462161,-80.80368116,183,,,,,,,,,,,,,,,,,,,,,,,,,,,,,,,,,,,,,,,,,
35.03462202,-80.80368457,183.1423,,,,,,,,,,,,,,,,,,,,,,,,,,,,,,,,,,,,,,,,,
35.034612,-80.80370991,183.1,,,,,,,,,,,,,,,,,,,,,,,,,,,,,,,,,,,,,,,,,
35.03458598,-80.80371051,183.0086,,,,,,,,,,,,,,,,,,,,,,,,,,,,,,,,,,,,,,,,,
35.03461235,-80.80370308,183.0009,,,,,,,,,,,,,,,,,,,,,,,,,,,,,,,,,,,,,,,,,
35.03459632,-80.80370022,183.0007,,,,,,,,,,,,,,,,,,,,,,,,,,,,,,,,,,,,,,,,,
35.03462873,-80.80368057,183.0977,,,,,,,,,,,,,,,,,,,,,,,,,,,,,,,,,,,,,,,,,
35.03461011,-80.80370286,183.1494,,,,,,,,,,,,,,,,,,,,,,,,,,,,,,,,,,,,,,,,,
35.03461555,-80.80369095,183.147,,,,,,,,,,,,,,,,,,,,,,,,,,,,,,,,,,,,,,,,,
35.03461024,-80.8037044,183,,,,,,,,,,,,,,,,,,,,,,,,,,,,,,,,,,,,,,,,,
35.03460684,-80.80370672,183.085,,,,,,,,,,,,,,,,,,,,,,,,,,,,,,,,,,,,,,,,,
35.03462541,-80.80366809,183.1486,,,,,,,,,,,,,,,,,,,,,,,,,,,,,,,,,,,,,,,,,
35.03461499,-80.80367839,183.2307,,,,,,,,,,,,,,,,,,,,,,,,,,,,,,,,,,,,,,,,,
35.03461938,-80.80368149,183.1861,,,,,,,,,,,,,,,,,,,,,,,,,,,,,,,,,,,,,,,,,
35.03462916,-80.803671,183.1686,,,,,,,,,,,,,,,,,,,,,,,,,,,,,,,,,,,,,,,,,
35.03461398,-80.80368847,183.0705,,,,,,,,,,,,,,,,,,,,,,,,,,,,,,,,,,,,,,,,,
35.03461619,-80.80369363,183.0143,,,,,,,,,,,,,,,,,,,,,,,,,,,,,,,,,,,,,,,,,
35.03461619,-80.80369363,183.0143,,,,,,,,,,,,,,,,,,,,,,,,,,,,,,,,,,,,,,,,,
35.0346104,-80.80370392,183.0251,,,,,,,,,,,,,,,,,,,,,,,,,,,,,,,,,,,,,,,,,
35.0346095,-80.80369452,183.0562,,,,,,,,,,,,,,,,,,,,,,,,,,,,,,,,,,,,,,,,,
35.03461216,-80.8036924,183,,,,,,,,,,,,,,,,,,,,,,,,,,,,,,,,,,,,,,,,,
35.03461912,-80.80368881,183,,,,,,,,,,,,,,,,,,,,,,,,,,,,,,,,,,,,,,,,,
35.03462092,-80.80369134,183.0345,,,,,,,,,,,,,,,,,,,,,,,,,,,,,,,,,,,,,,,,,
35.03462092,-80.80369134,183.0274,,,,,,,,,,,,,,,,,,,,,,,,,,,,,,,,,,,,,,,,,
35.03461737,-80.80370409,183,,,,,,,,,,,,,,,,,,,,,,,,,,,,,,,,,,,,,,,,,
35.03461687,-80.80368438,183.0038,,,,,,,,,,,,,,,,,,,,,,,,,,,,,,,,,,,,,,,,,
35.03461171,-80.80370219,183.0006,,,,,,,,,,,,,,,,,,,,,,,,,,,,,,,,,,,,,,,,,
35.03461171,-80.80370219,183.0006,,,,,,,,,,,,,,,,,,,,,,,,,,,,,,,,,,,,,,,,,
35.03460896,-80.80369909,183.0004,,,,,,,,,,,,,,,,,,,,,,,,,,,,,,,,,,,,,,,,,
35.03458753,-80.80370055,183.0123,,,,,,,,,,,,,,,,,,,,,,,,,,,,,,,,,,,,,,,,,
35.03460475,-80.8037033,183.0038,,,,,,,,,,,,,,,,,,,,,,,,,,,,,,,,,,,,,,,,,
35.03461643,-80.8036952,183.0113,,,,,,,,,,,,,,,,,,,,,,,,,,,,,,,,,,,,,,,,,
35.03461108,-80.80369541,183.1484,,,,,,,,,,,,,,,,,,,,,,,,,,,,,,,,,,,,,,,,,
35.03460985,-80.8036955,183.1049,,,,,,,,,,,,,,,,,,,,,,,,,,,,,,,,,,,,,,,,,
35.0346231,-80.80368198,183.0134,,,,,,,,,,,,,,,,,,,,,,,,,,,,,,,,,,,,,,,,,
35.03461893,-80.80368597,183.0525,,,,,,,,,,,,,,,,,,,,,,,,,,,,,,,,,,,,,,,,,
35.03461296,-80.80370309,183.0123,,,,,,,,,,,,,,,,,,,,,,,,,,,,,,,,,,,,,,,,,
35.03460474,-80.8037085,183,,,,,,,,,,,,,,,,,,,,,,,,,,,,,,,,,,,,,,,,,
35.03461239,-80.80369315,183.0126,,,,,,,,,,,,,,,,,,,,,,,,,,,,,,,,,,,,,,,,,
35.03460528,-80.80370461,183.0083,,,,,,,,,,,,,,,,,,,,,,,,,,,,,,,,,,,,,,,,,
35.03460692,-80.80370058,183.1185,,,,,,,,,,,,,,,,,,,,,,,,,,,,,,,,,,,,,,,,,
35.03460876,-80.80369938,183.052,,,,,,,,,,,,,,,,,,,,,,,,,,,,,,,,,,,,,,,,,
35.03460771,-80.80369494,183.0103,,,,,,,,,,,,,,,,,,,,,,,,,,,,,,,,,,,,,,,,,
35.0346047,-80.80370739,183.154,,,,,,,,,,,,,,,,,,,,,,,,,,,,,,,,,,,,,,,,,
35.03461566,-80.80371525,182.9352,,,,,,,,,,,,,,,,,,,,,,,,,,,,,,,,,,,,,,,,,
35.03461566,-80.80371525,182.9352,,,,,,,,,,,,,,,,,,,,,,,,,,,,,,,,,,,,,,,,,
35.03459535,-80.80372247,183.0126,,,,,,,,,,,,,,,,,,,,,,,,,,,,,,,,,,,,,,,,,
35.03462226,-80.80367252,182.7075,,,,,,,,,,,,,,,,,,,,,,,,,,,,,,,,,,,,,,,,,
35.03462017,-80.80368755,183.1387,,,,,,,,,,,,,,,,,,,,,,,,,,,,,,,,,,,,,,,,,
35.03460405,-80.80370733,183.0141,,,,,,,,,,,,,,,,,,,,,,,,,,,,,,,,,,,,,,,,,
35.03461029,-80.8036905,183.0008,,,,,,,,,,,,,,,,,,,,,,,,,,,,,,,,,,,,,,,,,
35.03461501,-80.80368202,183,,,,,,,,,,,,,,,,,,,,,,,,,,,,,,,,,,,,,,,,,
35.03460403,-80.80370733,183.0075,,,,,,,,,,,,,,,,,,,,,,,,,,,,,,,,,,,,,,,,,
35.03461732,-80.8036928,183.0002,,,,,,,,,,,,,,,,,,,,,,,,,,,,,,,,,,,,,,,,,
35.03460939,-80.80369487,183.0041,,,,,,,,,,,,,,,,,,,,,,,,,,,,,,,,,,,,,,,,,
35.03459742,-80.80371455,183,,,,,,,,,,,,,,,,,,,,,,,,,,,,,,,,,,,,,,,,,
35.03460403,-80.80369887,183,,,,,,,,,,,,,,,,,,,,,,,,,,,,,,,,,,,,,,,,,
35.03460391,-80.80371165,183.0043,,,,,,,,,,,,,,,,,,,,,,,,,,,,,,,,,,,,,,,,,
35.03462121,-80.80369061,183,,,,,,,,,,,,,,,,,,,,,,,,,,,,,,,,,,,,,,,,,
35.03461935,-80.80370466,183,,,,,,,,,,,,,,,,,,,,,,,,,,,,,,,,,,,,,,,,,
35.03463062,-80.80367477,183.0513,,,,,,,,,,,,,,,,,,,,,,,,,,,,,,,,,,,,,,,,,
35.03461435,-80.80369144,183,,,,,,,,,,,,,,,,,,,,,,,,,,,,,,,,,,,,,,,,,
35.03461481,-80.80369234,183.1473,,,,,,,,,,,,,,,,,,,,,,,,,,,,,,,,,,,,,,,,,
35.03462136,-80.80368125,183.1451,,,,,,,,,,,,,,,,,,,,,,,,,,,,,,,,,,,,,,,,,
35.03461512,-80.80369215,183.0945,,,,,,,,,,,,,,,,,,,,,,,,,,,,,,,,,,,,,,,,,
35.03461512,-80.80369215,183.0945,,,,,,,,,,,,,,,,,,,,,,,,,,,,,,,,,,,,,,,,,
35.03461339,-80.80369311,183.0538,,,,,,,,,,,,,,,,,,,,,,,,,,,,,,,,,,,,,,,,,
35.03461336,-80.80369261,183.0049,,,,,,,,,,,,,,,,,,,,,,,,,,,,,,,,,,,,,,,,,
35.03461274,-80.80369807,183.0037,,,,,,,,,,,,,,,,,,,,,,,,,,,,,,,,,,,,,,,,,
35.03460162,-80.80370953,183.0003,,,,,,,,,,,,,,,,,,,,,,,,,,,,,,,,,,,,,,,,,
35.03461693,-80.80369032,183.001,,,,,,,,,,,,,,,,,,,,,,,,,,,,,,,,,,,,,,,,,
35.0346203,-80.80368972,183,,,,,,,,,,,,,,,,,,,,,,,,,,,,,,,,,,,,,,,,,
35.0346203,-80.80368972,183,,,,,,,,,,,,,,,,,,,,,,,,,,,,,,,,,,,,,,,,,
35.03461402,-80.80368898,183,,,,,,,,,,,,,,,,,,,,,,,,,,,,,,,,,,,,,,,,,
35.03461127,-80.80369225,183.0549,,,,,,,,,,,,,,,,,,,,,,,,,,,,,,,,,,,,,,,,,
35.0346252,-80.80368007,183,,,,,,,,,,,,,,,,,,,,,,,,,,,,,,,,,,,,,,,,,
35.03462414,-80.80367966,183.1548,,,,,,,,,,,,,,,,,,,,,,,,,,,,,,,,,,,,,,,,,
35.0346158,-80.8036942,183,,,,,,,,,,,,,,,,,,,,,,,,,,,,,,,,,,,,,,,,,
35.03409086,-80.80335838,180.5935,,,,,,,,,,,,,,,,,,,,,,,,,,,,,,,,,,,,,,,,,
35.03410614,-80.80336504,180.8373,,,,,,,,,,,,,,,,,,,,,,,,,,,,,,,,,,,,,,,,,
35.03461342,-80.80368516,182.9842,,,,,,,,,,,,,,,,,,,,,,,,,,,,,,,,,,,,,,,,,
35.03461322,-80.80368697,183.1024,,,,,,,,,,,,,,,,,,,,,,,,,,,,,,,,,,,,,,,,,
35.03461881,-80.80369297,182.9999,,,,,,,,,,,,,,,,,,,,,,,,,,,,,,,,,,,,,,,,,
35.03462711,-80.80368876,183,,,,,,,,,,,,,,,,,,,,,,,,,,,,,,,,,,,,,,,,,
35.03461262,-80.80369195,183,,,,,,,,,,,,,,,,,,,,,,,,,,,,,,,,,,,,,,,,,
35.03461229,-80.80369222,183,,,,,,,,,,,,,,,,,,,,,,,,,,,,,,,,,,,,,,,,,
35.03461264,-80.80370366,183.03,,,,,,,,,,,,,,,,,,,,,,,,,,,,,,,,,,,,,,,,,
35.03461218,-80.80369998,183.0004,,,,,,,,,,,,,,,,,,,,,,,,,,,,,,,,,,,,,,,,,
35.03460353,-80.80370994,183.0006,,,,,,,,,,,,,,,,,,,,,,,,,,,,,,,,,,,,,,,,,
35.03461311,-80.80368645,183.0042,,,,,,,,,,,,,,,,,,,,,,,,,,,,,,,,,,,,,,,,,
35.03462084,-80.80369431,183.0004,,,,,,,,,,,,,,,,,,,,,,,,,,,,,,,,,,,,,,,,,
35.03462393,-80.80367492,183.0632,,,,,,,,,,,,,,,,,,,,,,,,,,,,,,,,,,,,,,,,,
35.03460916,-80.80370703,183.0461,,,,,,,,,,,,,,,,,,,,,,,,,,,,,,,,,,,,,,,,,
35.03461145,-80.80370772,183.1409,,,,,,,,,,,,,,,,,,,,,,,,,,,,,,,,,,,,,,,,,
35.03461441,-80.80369799,183,,,,,,,,,,,,,,,,,,,,,,,,,,,,,,,,,,,,,,,,,
35.03461441,-80.80369799,183,,,,,,,,,,,,,,,,,,,,,,,,,,,,,,,,,,,,,,,,,
35.03461068,-80.80369958,183.0466,,,,,,,,,,,,,,,,,,,,,,,,,,,,,,,,,,,,,,,,,
35.03461602,-80.80368696,183,,,,,,,,,,,,,,,,,,,,,,,,,,,,,,,,,,,,,,,,,
35.03461636,-80.80368709,183.049,,,,,,,,,,,,,,,,,,,,,,,,,,,,,,,,,,,,,,,,,
35.03461404,-80.8036874,183.0985,,,,,,,,,,,,,,,,,,,,,,,,,,,,,,,,,,,,,,,,,
35.03461262,-80.80371031,183.0004,,,,,,,,,,,,,,,,,,,,,,,,,,,,,,,,,,,,,,,,,
35.03460634,-80.80370166,183,,,,,,,,,,,,,,,,,,,,,,,,,,,,,,,,,,,,,,,,,
35.03460926,-80.80371074,183.046,,,,,,,,,,,,,,,,,,,,,,,,,,,,,,,,,,,,,,,,,
35.03460972,-80.80370327,183.004,,,,,,,,,,,,,,,,,,,,,,,,,,,,,,,,,,,,,,,,,
35.03462287,-80.80367857,183.0658,,,,,,,,,,,,,,,,,,,,,,,,,,,,,,,,,,,,,,,,,
35.03462517,-80.8036786,183.0114,,,,,,,,,,,,,,,,,,,,,,,,,,,,,,,,,,,,,,,,,
35.03461727,-80.8036913,183.0304,,,,,,,,,,,,,,,,,,,,,,,,,,,,,,,,,,,,,,,,,
35.03469547,-80.80369938,192.7809,,,,,,,,,,,,,,,,,,,,,,,,,,,,,,,,,,,,,,,,,
35.03471714,-80.80365496,191.2718,,,,,,,,,,,,,,,,,,,,,,,,,,,,,,,,,,,,,,,,,
35.03349215,-80.80388257,187.0943,,,,,,,,,,,,,,,,,,,,,,,,,,,,,,,,,,,,,,,,,
35.03318812,-80.80234594,190.6079,,,,,,,,,,,,,,,,,,,,,,,,,,,,,,,,,,,,,,,,,
35.03302352,-80.80063194,187.7474,,,,,,,,,,,,,,,,,,,,,,,,,,,,,,,,,,,,,,,,,
35.03338076,-80.79922242,191.3479,,,,,,,,,,,,,,,,,,,,,,,,,,,,,,,,,,,,,,,,,
35.03391507,-80.79835259,195.4379,,,,,,,,,,,,,,,,,,,,,,,,,,,,,,,,,,,,,,,,,
35.03516537,-80.79746249,194.528,,,,,,,,,,,,,,,,,,,,,,,,,,,,,,,,,,,,,,,,,
35.03608029,-80.79708862,195.7304,,,,,,,,,,,,,,,,,,,,,,,,,,,,,,,,,,,,,,,,,
35.03714567,-80.79658105,193.1024,,,,,,,,,,,,,,,,,,,,,,,,,,,,,,,,,,,,,,,,,
35.03766714,-80.79622389,185.5414,,,,,,,,,,,,,,,,,,,,,,,,,,,,,,,,,,,,,,,,,
35.0379541,-80.79600684,186.1079,,,,,,,,,,,,,,,,,,,,,,,,,,,,,,,,,,,,,,,,,
35.03819514,-80.79582241,186.1522,,,,,,,,,,,,,,,,,,,,,,,,,,,,,,,,,,,,,,,,,
35.03882494,-80.79534031,192.5482,,,,,,,,,,,,,,,,,,,,,,,,,,,,,,,,,,,,,,,,,
35.04000364,-80.79445218,194.0863,,,,,,,,,,,,,,,,,,,,,,,,,,,,,,,,,,,,,,,,,
35.04026631,-80.79425686,194.528,,,,,,,,,,,,,,,,,,,,,,,,,,,,,,,,,,,,,,,,,
35.04079477,-80.79383501,200.4237,,,,,,,,,,,,,,,,,,,,,,,,,,,,,,,,,,,,,,,,,
35.04575905,-80.78921278,195.9672,,,,,,,,,,,,,,,,,,,,,,,,,,,,,,,,,,,,,,,,,
35.04717954,-80.78070934,202.2621,,,,,,,,,,,,,,,,,,,,,,,,,,,,,,,,,,,,,,,,,
35.05036262,-80.77369434,201.4609,,,,,,,,,,,,,,,,,,,,,,,,,,,,,,,,,,,,,,,,,
35.05083075,-80.77043504,210.5382,,,,,,,,,,,,,,,,,,,,,,,,,,,,,,,,,,,,,,,,,
35.05319771,-80.76951962,217.7964,,,,,,,,,,,,,,,,,,,,,,,,,,,,,,,,,,,,,,,,,
35.0535331,-80.76952996,223.672,,,,,,,,,,,,,,,,,,,,,,,,,,,,,,,,,,,,,,,,,
35.05412902,-80.7695538,221.8491,,,,,,,,,,,,,,,,,,,,,,,,,,,,,,,,,,,,,,,,,
35.05998523,-80.76984059,218.5609,,,,,,,,,,,,,,,,,,,,,,,,,,,,,,,,,,,,,,,,,
35.05998523,-80.76984059,218.5609,,,,,,,,,,,,,,,,,,,,,,,,,,,,,,,,,,,,,,,,,
35.06071818,-80.76979675,218.4593,,,,,,,,,,,,,,,,,,,,,,,,,,,,,,,,,,,,,,,,,
35.06240952,-80.76985205,217.7253,,,,,,,,,,,,,,,,,,,,,,,,,,,,,,,,,,,,,,,,,
35.06450667,-80.76994668,216.7065,,,,,,,,,,,,,,,,,,,,,,,,,,,,,,,,,,,,,,,,,
35.06451595,-80.76501227,215.3152,,,,,,,,,,,,,,,,,,,,,,,,,,,,,,,,,,,,,,,,,
35.06577965,-80.76015497,228.5997,,,,,,,,,,,,,,,,,,,,,,,,,,,,,,,,,,,,,,,,,
35.06544993,-80.75809703,220.5536,,,,,,,,,,,,,,,,,,,,,,,,,,,,,,,,,,,,,,,,,
35.06424129,-80.75922104,221.1609,,,,,,,,,,,,,,,,,,,,,,,,,,,,,,,,,,,,,,,,,
35.06464602,-80.7589603,222.3232,,,,,,,,,,,,,,,,,,,,,,,,,,,,,,,,,,,,,,,,,
35.06466719,-80.75882678,222.5099,,,,,,,,,,,,,,,,,,,,,,,,,,,,,,,,,,,,,,,,,
35.06471786,-80.75883551,215.1845,,,,,,,,,,,,,,,,,,,,,,,,,,,,,,,,,,,,,,,,,
35.06470434,-80.75893836,214.7538,,,,,,,,,,,,,,,,,,,,,,,,,,,,,,,,,,,,,,,,,
35.06467544,-80.75873952,216.666,,,,,,,,,,,,,,,,,,,,,,,,,,,,,,,,,,,,,,,,,
